,brand,price,currency,oldPrice,discountIn%,shepper,rating,topSeller,description
0,ريل مي,2914.0,جنيه ,4400,33,noon-express,4.5,yes,ريل مي C11 (2021) Dual SIM Cool Blue 2GB RAM 32GB 4G LTE - Middle East Version …
1,سامسونج,2999.0,جنيه ,3199,6,noon-express,4.6,yes,سامسونج Galaxy A03 Core Dual SIM Onyx Black 2GB RAM 32GB LTE - Middle East Version …
2,شاومي,3020.0,جنيه ,3444,12,noon-express,4.6,yes,شاومي هاتف ريدمي 9A ثنائي الشريحة بذاكرة داخلية 32 جيجابايت وذاكرة رام 2 جيجابايت ويدعم تقنية 4G LTE، لون أزرق …
3,شاومي,3010.0,جنيه ,3444,12,noon-express,4.5,yes,شاومي هاتف ريدمي 9A ثنائي الشريحة بذاكرة رام سعة 2 جيجابايت وذاكرة داخلية سعة 32 جيجابايت ويدعم تقنية 4G LTE، لون رمادي جرانيت …
4,سامسونج,3090.0,جنيه ,0,0,noon-express,4.5,no,سامسونج Galaxy A03 Core Dual SIM Bronze 2GB RAM 32GB LTE - Middle East Version …
5,إنفينيكس,3555.0,جنيه ,0,0,noon-express,5.0,no,إنفينيكس هاتف سمارت 6 ثنائي الشريحة بذاكرة رام سعة 3 جيجابايت وذاكرة داخلية سعة 64 جيجابايت ويدعم تقنية 4G LTE، لون أسود ميدنايت …
6,إنفينيكس,3698.0,جنيه ,0,0,noon-express,4.3,no,إنفينيكس Smart 6 Dual SIM 3GB RAM 64GB 4G LTE Heart Of Ocean/Ocean Wave …
7,إنفينيكس,3939.0,جنيه ,0,0,noon-express,4.9,no,إنفينيكس هاتف هوت 11 بلاي ثنائي الشريحة بذاكرة رام سعة 4 جيجابايت وذاكرة داخلية سعة 64 جيجابايت ويدعم تقنية 4G LTE بلون ذهبي صن سيت …
8,إنفينيكس,3939.0,جنيه ,0,0,noon-express,5.0,no,إنفينيكس هاتف هوت 11 بلاي ثنائي الشريحة بذاكرة رام سعة 4 جيجابايت وذاكرة داخلية سعة 64 جيجابايت ويدعم تقنية 4G LTE بلون أخضر هيز …
9,شاومي,6599.0,جنيه ,7210,8,noon-express,4.5,yes,شاومي Redmi Note 11 Pro 4G Dual Sim Star Blue 6GB RAM 64GB - Global Version …
10,نوكيا,419.0,جنيه ,0,0,noon-express,4.5,yes,نوكيا هاتف 106 ثنائي الشريحة بذاكرة داخلية سعة 4 ميجابايت ويدعم تقنية 2G، لون رمادي داكن …
11,أبل,15750.0,جنيه ,15933,0,noon-express,4.6,yes,أبل آيفون 11 بلون أسود يدعم تقنية 4G LTE  وذاكرة 128 جيجابايت ( 2020 - علبة هاتف رفيعة) - المواصفات العالمية …
12,نوكيا,415.0,جنيه ,485,14,noon-express,4.6,yes,نوكيا موبايل 105 بشريحتين لون أسود بذاكرة داخلية سعة 4 ميجابايت يدعم تقنية 2G …
13,سامسونج,6499.0,جنيه ,6800,0,noon-express,4.8,yes,سامسونج هاتف جالاكسي A23 ثنائي الشريحة بذاكرة رام 6 جيجابايت وذاكرة داخلية سعة 128 جيجابايت ويدعم تقنية LTE - إصدار الشرق الأوسط، لون أسود …
14,أبل,21240.0,جنيه ,0,0,noon-express,4.7,yes,أبل هاتف آيفون 13 بذاكرة داخلية 128 جيجابايت ويدعم تقنية 5G مع تطبيق فيس تايم بلون ميدنايت- النسخة العالمية …
15,شاومي,6299.0,جنيه ,0,0,noon-express,4.6,no,شاومي هاتف ريدمي نوت 11 بذاكرة رام سعة 6 جيجابايت وذاكرة داخلية سعة 128 جيجابايت ويدعم تقنية LTE، لون رمادي داكن …
16,أوبو,9798.0,جنيه ,0,0,noon-express,4.3,yes,أوبو Reno 7 Black Dual Sim 8GB RAM 256GB 4G LTE …
17,ريل مي,3899.0,جنيه ,0,0,noon-express,4.6,yes,ريل مي هاتف C21Y ثنائي الشريحة بذاكرة رام سعة 4 جيجابايت وذاكرة داخلية سعة 64 جيجابايت ويدعم تقنية 4G LTE وبلون أسود بنمط متقاطع - إصدار الشرق الأوسط …
18,أوبو,7990.0,جنيه ,0,0,noon-express,5.0,no,أوبو A96 Dual SIM Sunset Blue 8GB RAM 256GB 4G LTE - International Version …
19,أوبو,6500.0,جنيه ,0,0,noon-express,,no,أوبو A76 Dual SIM Glwing Black 6GB RAM 128GB 4G LTE - International Version …
20,إيتيل,334.0,جنيه ,0,0,noon-express,4.0,yes,إيتيل هاتف آيتل 2160 بشريحتين لون أسود سعة 4 ميجابايت يدعم خدمة 2G …
21,أبل,21199.0,جنيه ,0,0,noon-express,4.8,yes,أبل هاتف آيفون 13 بذاكرة داخلية سعة 128 جيجابايت يدعم تقنية 5G مع تطبيق فيس تايم بلون أزرق - النسخة العالمية …
22,سامسونج,7975.0,جنيه ,8999,11,noon-express,,yes,سامسونج Galaxy A33 Dual SIM 8GB RAM 128GB 5G Awesome Black …
23,أوبو,5999.0,جنيه ,6499,7,noon-express,4.5,no,أوبو هاتف A55 ثنائي الشريحة بذاكرة رام سعة 4 جيجابايت وذاكرة داخلية سعة 128 جيجابايت ويدعم تقنية 4G LTE، لون أسود لامع …
24,أبل,31499.0,جنيه ,0,0,noon-express,4.8,no,أبل هاتف آيفون 13 برو ماكس مع تطبيق فيس تايم بذاكرة داخلية 256 جيجابايت وتقنية 5G بلون أزرق سييرا - إصدار الولايات المتحدة الأمريكية …
25,أبل,15750.0,جنيه ,0,0,noon-express,4.6,no,أبل آيفون 11 مع فيس تايم بلون أسود وذاكرة 128 جيجابايت ويدعم تقنية 4G LTE - بالمواصفات العالمية …
26,أبل,30990.0,جنيه ,0,0,noon-express,4.7,no,أبل iPhone 13 Pro Max 256GB Graphite 5G With Facetime - International Specs …
27,سامسونج,13500.0,جنيه ,0,0,noon-express,5.0,no,سامسونج هاتف جالاكسي A73 ثنائي الشريحة بذاكرة رام 8 جيجابايت وذاكرة داخلية 256 جيجابايت ويدعم تقنية 5G بلون أبيض أوسوم - إصدار الشرق الأوسط …
28,سامسونج,26250.0,جنيه ,34999,24,noon-express,4.8,no,سامسونج هاتف جالاكسي S22 ألترا ثنائي الشريحة بذاكرة رام سعة 12 جيجابايت وذاكرة داخلية سعة 256 جيجابايت ويدعم تقنية 5G، لون أسود فانتوم - إصدار الشرق الأوسط …
29,نوكيا,4990.0,جنيه ,0,0,noon-express,4.9,no,نوكيا T20 10.4 Inch Ocean Blue 4GB RAM 64GB 4G LTE-Middle East Version …
30,أوبو,6080.0,جنيه ,0,0,noon-express,,no,أوبو A77 Dual SIM 4GB RAM 128GB 4G Sky Blue- Middle East Version …
31,أوبو,4899.0,جنيه ,0,0,noon-express,4.5,no,أوبو A16 Dual SIM Crystal Black 4GB RAM 64GB 4G -Middle East Version …
32,أوبو,7710.0,جنيه ,8999,14,noon-express,5.0,no,أوبو A96 Dual SIM 256GB 8GB Ram 4G LTE Blue …
33,سامسونج,22999.0,جنيه ,0,0,noon-express,4.7,no,سامسونج هاتف جالاكسي نوت 20 ألترا ثنائي الشريحة وذاكرة رام بسعة 12 جيجابايت وذاكرة داخلية بسعة 256 جيجابايت ويدعم تقنية 5G - لون برونزي داكن …
34,شاومي,11200.0,جنيه ,0,0,noon-express,4.5,no,شاومي هاتف 11T ثنائي الشريحة بذاكرة رام 8 جيجابايت وذاكرة داخلية 256 جيجابايت ويدعم تقنية 5G، بلون رمادي ميتيورايت - إصدار العالمي …
35,أبل,20840.0,جنيه ,27228,23,noon-express,4.8,yes,أبل هاتف آيفون 13 بذاكرة داخلية سعة 128 جيجابايت يدعم تقنية 5G مع تطبيق فيس تايم بلون وردي - النسخة العالمية …
36,شاومي,11225.0,جنيه ,0,0,noon-express,4.8,yes,شاومي Redmi Note 11 Pro Plus 5G Dual SIM Graphite Gray 8GB RAM 256GB - Global Version …
37,أبل,21499.0,جنيه ,0,0,noon-express,4.9,no,أبل آيفون 13 سعة 128 جيجابايت يدعم تقنية 5G مع فيس تايم بلون سماء الليل - نسخة المملكة العربية السعودية …
38,فيفو,5385.0,جنيه ,0,0,noon-express,,no,"فيفو Y33a Internal Memory 128 GB ,4 GB Ram ,6.58 inches -Midday Dream …"
39,سامسونج,20799.0,جنيه ,25000,16,noon-express,4.9,no,سامسونج هاتف جالاكسي نوت 20 ألترا ثنائي الشريحة بذاكرة رام سعة 8 جيجابايت وسعة تخزين داخلية 256 جيجابايت يدعم تقنية 4G LTE - إصدار عالمي - بلون أسود داكن …
40,أوبو,9820.0,جنيه ,0,0,noon-express,,yes,أوبو Reno 7 Orange Dual Sim 8GB RAM 256GB 4G LTE …
41,شاومي,7333.0,جنيه ,7535,0,noon-express,5.0,no,شاومي هاتف ريدمي نوت 11s ثنائي الشريحة بذاكرة رام سعة 6 جيجابايت وذاكرة داخلية سعة 128 جيجابايت ويدعم تقنية 4G LTE، لون رمادي جرافيتي - إصدار عالمي …
42,سامسونج,6942.0,جنيه ,0,0,noon-express,4.7,no,سامسونج هاتف جالاكسي A32 ثنائي الشريحة بلون أسود أوسوم وذاكرة رام 6 جيجابايت وذاكرة داخلية 128 جيجابايت يدعم تقنية 4G LTE - إصدار الشرق الأوسط …
43,شاومي,4840.0,جنيه ,5249,7,noon-express,4.3,no,شاومي هاتف ريدمي 10C ثنائي الشريحة، لون رصاصي داكن، ذاكرة رام سعة 4 جيجابايت، ذاكرة داخلية سعة 128 جيجابايت، تقنية 4G LTE - إصدار عالمي …
44,سامسونج,6220.0,جنيه ,0,0,noon-express,,yes,سامسونج هاتف جالاكسي A23 ثنائي الشريحة بذاكرة رام 6 جيجابايت وذاكرة داخلية 128 جيجابايت ويدعم تقنية LTE بلون خوخي - إصدار الشرق الأوسط …
45,سامسونج,18700.0,جنيه ,19550,0,noon-express,4.3,no,سامسونج هاتف جالاكسي Z فليب 3 بشريحة واحدة وذاكرة رام سعة 8 جيجابايت وذاكرة داخلية سعة 256 جيجابايت ويدعم تقنية 5G، لون أسود فانتوم - إصدار عالمي …
46,شاومي,6666.0,جنيه ,8050,17,noon-express,4.2,no,شاومي هاتف ريدمي نوت 11 ثنائي الشريحة بذاكرة رام سعة 6 جيجابايت وذاكرة داخلية سعة 128 جيجابايت ويدعم تقنية 4G LTE - إصدار عالمي، لون أزرق تويلايت …
47,أبل,17100.0,جنيه ,18379,6,noon-express,,no,أبل آيفون Xs  ماكس مع فيس تايم سعة 512 جيجابايت يدعم تقنية 4G LTE رمادي فلكي …
48,أوبو,5399.0,جنيه ,0,0,noon-express,4.7,no,أوبو A54 Dual SIM Starry Blue 4GB RAM 128GB 4G LTE …
49,شاومي,5599.0,جنيه ,0,0,noon-express,4.6,no,شاومي Redmi 10 2022 Dual SIM Carbon Gray 4GB RAM 128GB - Global Version …
50,ريل مي,2914.0,جنيه ,4400,33,noon-express,4.5,yes,ريل مي C11 (2021) Dual SIM Cool Blue 2GB RAM 32GB 4G LTE - Middle East Version …
51,سامسونج,2999.0,جنيه ,3199,6,noon-express,4.6,yes,سامسونج Galaxy A03 Core Dual SIM Onyx Black 2GB RAM 32GB LTE - Middle East Version …
52,شاومي,3020.0,جنيه ,3444,12,noon-express,4.6,yes,شاومي هاتف ريدمي 9A ثنائي الشريحة بذاكرة داخلية 32 جيجابايت وذاكرة رام 2 جيجابايت ويدعم تقنية 4G LTE، لون أزرق …
53,شاومي,3010.0,جنيه ,3444,12,noon-express,4.5,yes,شاومي هاتف ريدمي 9A ثنائي الشريحة بذاكرة رام سعة 2 جيجابايت وذاكرة داخلية سعة 32 جيجابايت ويدعم تقنية 4G LTE، لون رمادي جرانيت …
54,سامسونج,3090.0,جنيه ,0,0,noon-express,4.5,no,سامسونج Galaxy A03 Core Dual SIM Bronze 2GB RAM 32GB LTE - Middle East Version …
55,إنفينيكس,3555.0,جنيه ,0,0,noon-express,5.0,no,إنفينيكس هاتف سمارت 6 ثنائي الشريحة بذاكرة رام سعة 3 جيجابايت وذاكرة داخلية سعة 64 جيجابايت ويدعم تقنية 4G LTE، لون أسود ميدنايت …
56,إنفينيكس,3698.0,جنيه ,0,0,noon-express,4.3,no,إنفينيكس Smart 6 Dual SIM 3GB RAM 64GB 4G LTE Heart Of Ocean/Ocean Wave …
57,إنفينيكس,3939.0,جنيه ,0,0,noon-express,4.9,no,إنفينيكس هاتف هوت 11 بلاي ثنائي الشريحة بذاكرة رام سعة 4 جيجابايت وذاكرة داخلية سعة 64 جيجابايت ويدعم تقنية 4G LTE بلون ذهبي صن سيت …
58,إنفينيكس,3939.0,جنيه ,0,0,noon-express,5.0,no,إنفينيكس هاتف هوت 11 بلاي ثنائي الشريحة بذاكرة رام سعة 4 جيجابايت وذاكرة داخلية سعة 64 جيجابايت ويدعم تقنية 4G LTE بلون أخضر هيز …
59,شاومي,6599.0,جنيه ,7210,8,noon-express,4.5,yes,شاومي Redmi Note 11 Pro 4G Dual Sim Star Blue 6GB RAM 64GB - Global Version …
60,نوكيا,419.0,جنيه ,0,0,noon-express,4.5,yes,نوكيا هاتف 106 ثنائي الشريحة بذاكرة داخلية سعة 4 ميجابايت ويدعم تقنية 2G، لون رمادي داكن …
61,أبل,15750.0,جنيه ,15933,0,noon-express,4.6,yes,أبل آيفون 11 بلون أسود يدعم تقنية 4G LTE  وذاكرة 128 جيجابايت ( 2020 - علبة هاتف رفيعة) - المواصفات العالمية …
62,نوكيا,415.0,جنيه ,485,14,noon-express,4.6,yes,نوكيا موبايل 105 بشريحتين لون أسود بذاكرة داخلية سعة 4 ميجابايت يدعم تقنية 2G …
63,سامسونج,6499.0,جنيه ,6800,0,noon-express,4.8,yes,سامسونج هاتف جالاكسي A23 ثنائي الشريحة بذاكرة رام 6 جيجابايت وذاكرة داخلية سعة 128 جيجابايت ويدعم تقنية LTE - إصدار الشرق الأوسط، لون أسود …
64,أبل,21240.0,جنيه ,0,0,noon-express,4.7,yes,أبل هاتف آيفون 13 بذاكرة داخلية 128 جيجابايت ويدعم تقنية 5G مع تطبيق فيس تايم بلون ميدنايت- النسخة العالمية …
65,شاومي,6299.0,جنيه ,0,0,noon-express,4.6,no,شاومي هاتف ريدمي نوت 11 بذاكرة رام سعة 6 جيجابايت وذاكرة داخلية سعة 128 جيجابايت ويدعم تقنية LTE، لون رمادي داكن …
66,أوبو,9798.0,جنيه ,0,0,noon-express,4.3,yes,أوبو Reno 7 Black Dual Sim 8GB RAM 256GB 4G LTE …
67,ريل مي,3899.0,جنيه ,0,0,noon-express,4.6,yes,ريل مي هاتف C21Y ثنائي الشريحة بذاكرة رام سعة 4 جيجابايت وذاكرة داخلية سعة 64 جيجابايت ويدعم تقنية 4G LTE وبلون أسود بنمط متقاطع - إصدار الشرق الأوسط …
68,أوبو,7990.0,جنيه ,0,0,noon-express,5.0,no,أوبو A96 Dual SIM Sunset Blue 8GB RAM 256GB 4G LTE - International Version …
69,أوبو,6500.0,جنيه ,0,0,noon-express,,no,أوبو A76 Dual SIM Glwing Black 6GB RAM 128GB 4G LTE - International Version …
70,إيتيل,334.0,جنيه ,0,0,noon-express,4.0,yes,إيتيل هاتف آيتل 2160 بشريحتين لون أسود سعة 4 ميجابايت يدعم خدمة 2G …
71,أبل,21199.0,جنيه ,0,0,noon-express,4.8,yes,أبل هاتف آيفون 13 بذاكرة داخلية سعة 128 جيجابايت يدعم تقنية 5G مع تطبيق فيس تايم بلون أزرق - النسخة العالمية …
72,سامسونج,7975.0,جنيه ,8999,11,noon-express,,yes,سامسونج Galaxy A33 Dual SIM 8GB RAM 128GB 5G Awesome Black …
73,أوبو,5999.0,جنيه ,6499,7,noon-express,4.5,no,أوبو هاتف A55 ثنائي الشريحة بذاكرة رام سعة 4 جيجابايت وذاكرة داخلية سعة 128 جيجابايت ويدعم تقنية 4G LTE، لون أسود لامع …
74,أبل,31499.0,جنيه ,0,0,noon-express,4.8,no,أبل هاتف آيفون 13 برو ماكس مع تطبيق فيس تايم بذاكرة داخلية 256 جيجابايت وتقنية 5G بلون أزرق سييرا - إصدار الولايات المتحدة الأمريكية …
75,أبل,15750.0,جنيه ,0,0,noon-express,4.6,no,أبل آيفون 11 مع فيس تايم بلون أسود وذاكرة 128 جيجابايت ويدعم تقنية 4G LTE - بالمواصفات العالمية …
76,أبل,30990.0,جنيه ,0,0,noon-express,4.7,no,أبل iPhone 13 Pro Max 256GB Graphite 5G With Facetime - International Specs …
77,سامسونج,13500.0,جنيه ,0,0,noon-express,5.0,no,سامسونج هاتف جالاكسي A73 ثنائي الشريحة بذاكرة رام 8 جيجابايت وذاكرة داخلية 256 جيجابايت ويدعم تقنية 5G بلون أبيض أوسوم - إصدار الشرق الأوسط …
78,سامسونج,26250.0,جنيه ,34999,24,noon-express,4.8,no,سامسونج هاتف جالاكسي S22 ألترا ثنائي الشريحة بذاكرة رام سعة 12 جيجابايت وذاكرة داخلية سعة 256 جيجابايت ويدعم تقنية 5G، لون أسود فانتوم - إصدار الشرق الأوسط …
79,نوكيا,4990.0,جنيه ,0,0,noon-express,4.9,no,نوكيا T20 10.4 Inch Ocean Blue 4GB RAM 64GB 4G LTE-Middle East Version …
80,أوبو,6080.0,جنيه ,0,0,noon-express,,no,أوبو A77 Dual SIM 4GB RAM 128GB 4G Sky Blue- Middle East Version …
81,أوبو,4899.0,جنيه ,0,0,noon-express,4.5,no,أوبو A16 Dual SIM Crystal Black 4GB RAM 64GB 4G -Middle East Version …
82,أوبو,7710.0,جنيه ,8999,14,noon-express,5.0,no,أوبو A96 Dual SIM 256GB 8GB Ram 4G LTE Blue …
83,سامسونج,22999.0,جنيه ,0,0,noon-express,4.7,no,سامسونج هاتف جالاكسي نوت 20 ألترا ثنائي الشريحة وذاكرة رام بسعة 12 جيجابايت وذاكرة داخلية بسعة 256 جيجابايت ويدعم تقنية 5G - لون برونزي داكن …
84,شاومي,11200.0,جنيه ,0,0,noon-express,4.5,no,شاومي هاتف 11T ثنائي الشريحة بذاكرة رام 8 جيجابايت وذاكرة داخلية 256 جيجابايت ويدعم تقنية 5G، بلون رمادي ميتيورايت - إصدار العالمي …
85,أبل,20840.0,جنيه ,27228,23,noon-express,4.8,yes,أبل هاتف آيفون 13 بذاكرة داخلية سعة 128 جيجابايت يدعم تقنية 5G مع تطبيق فيس تايم بلون وردي - النسخة العالمية …
86,شاومي,11225.0,جنيه ,0,0,noon-express,4.8,yes,شاومي Redmi Note 11 Pro Plus 5G Dual SIM Graphite Gray 8GB RAM 256GB - Global Version …
87,أبل,21499.0,جنيه ,0,0,noon-express,4.9,no,أبل آيفون 13 سعة 128 جيجابايت يدعم تقنية 5G مع فيس تايم بلون سماء الليل - نسخة المملكة العربية السعودية …
88,فيفو,5385.0,جنيه ,0,0,noon-express,,no,"فيفو Y33a Internal Memory 128 GB ,4 GB Ram ,6.58 inches -Midday Dream …"
89,سامسونج,20799.0,جنيه ,25000,16,noon-express,4.9,no,سامسونج هاتف جالاكسي نوت 20 ألترا ثنائي الشريحة بذاكرة رام سعة 8 جيجابايت وسعة تخزين داخلية 256 جيجابايت يدعم تقنية 4G LTE - إصدار عالمي - بلون أسود داكن …
90,أوبو,9820.0,جنيه ,0,0,noon-express,,yes,أوبو Reno 7 Orange Dual Sim 8GB RAM 256GB 4G LTE …
91,شاومي,7333.0,جنيه ,7535,0,noon-express,5.0,no,شاومي هاتف ريدمي نوت 11s ثنائي الشريحة بذاكرة رام سعة 6 جيجابايت وذاكرة داخلية سعة 128 جيجابايت ويدعم تقنية 4G LTE، لون رمادي جرافيتي - إصدار عالمي …
92,سامسونج,6942.0,جنيه ,0,0,noon-express,4.7,no,سامسونج هاتف جالاكسي A32 ثنائي الشريحة بلون أسود أوسوم وذاكرة رام 6 جيجابايت وذاكرة داخلية 128 جيجابايت يدعم تقنية 4G LTE - إصدار الشرق الأوسط …
93,شاومي,4840.0,جنيه ,5249,7,noon-express,4.3,no,شاومي هاتف ريدمي 10C ثنائي الشريحة، لون رصاصي داكن، ذاكرة رام سعة 4 جيجابايت، ذاكرة داخلية سعة 128 جيجابايت، تقنية 4G LTE - إصدار عالمي …
94,سامسونج,6220.0,جنيه ,0,0,noon-express,,yes,سامسونج هاتف جالاكسي A23 ثنائي الشريحة بذاكرة رام 6 جيجابايت وذاكرة داخلية 128 جيجابايت ويدعم تقنية LTE بلون خوخي - إصدار الشرق الأوسط …
95,سامسونج,18700.0,جنيه ,19550,0,noon-express,4.3,no,سامسونج هاتف جالاكسي Z فليب 3 بشريحة واحدة وذاكرة رام سعة 8 جيجابايت وذاكرة داخلية سعة 256 جيجابايت ويدعم تقنية 5G، لون أسود فانتوم - إصدار عالمي …
96,شاومي,6666.0,جنيه ,8050,17,noon-express,4.2,no,شاومي هاتف ريدمي نوت 11 ثنائي الشريحة بذاكرة رام سعة 6 جيجابايت وذاكرة داخلية سعة 128 جيجابايت ويدعم تقنية 4G LTE - إصدار عالمي، لون أزرق تويلايت …
97,أبل,17100.0,جنيه ,18379,6,noon-express,,no,أبل آيفون Xs  ماكس مع فيس تايم سعة 512 جيجابايت يدعم تقنية 4G LTE رمادي فلكي …
98,أوبو,5399.0,جنيه ,0,0,noon-express,4.7,no,أوبو A54 Dual SIM Starry Blue 4GB RAM 128GB 4G LTE …
99,شاومي,5599.0,جنيه ,0,0,noon-express,4.6,no,شاومي Redmi 10 2022 Dual SIM Carbon Gray 4GB RAM 128GB - Global Version …
100,ريل مي,2914.0,جنيه ,4400,33,noon-express,4.5,yes,ريل مي C11 (2021) Dual SIM Cool Blue 2GB RAM 32GB 4G LTE - Middle East Version …
101,سامسونج,2999.0,جنيه ,3199,6,noon-express,4.6,yes,سامسونج Galaxy A03 Core Dual SIM Onyx Black 2GB RAM 32GB LTE - Middle East Version …
102,شاومي,3020.0,جنيه ,3444,12,noon-express,4.6,yes,شاومي هاتف ريدمي 9A ثنائي الشريحة بذاكرة داخلية 32 جيجابايت وذاكرة رام 2 جيجابايت ويدعم تقنية 4G LTE، لون أزرق …
103,شاومي,3010.0,جنيه ,3444,12,noon-express,4.5,yes,شاومي هاتف ريدمي 9A ثنائي الشريحة بذاكرة رام سعة 2 جيجابايت وذاكرة داخلية سعة 32 جيجابايت ويدعم تقنية 4G LTE، لون رمادي جرانيت …
104,سامسونج,3090.0,جنيه ,0,0,noon-express,4.5,no,سامسونج Galaxy A03 Core Dual SIM Bronze 2GB RAM 32GB LTE - Middle East Version …
105,إنفينيكس,3555.0,جنيه ,0,0,noon-express,5.0,no,إنفينيكس هاتف سمارت 6 ثنائي الشريحة بذاكرة رام سعة 3 جيجابايت وذاكرة داخلية سعة 64 جيجابايت ويدعم تقنية 4G LTE، لون أسود ميدنايت …
106,إنفينيكس,3698.0,جنيه ,0,0,noon-express,4.3,no,إنفينيكس Smart 6 Dual SIM 3GB RAM 64GB 4G LTE Heart Of Ocean/Ocean Wave …
107,إنفينيكس,3939.0,جنيه ,0,0,noon-express,4.9,no,إنفينيكس هاتف هوت 11 بلاي ثنائي الشريحة بذاكرة رام سعة 4 جيجابايت وذاكرة داخلية سعة 64 جيجابايت ويدعم تقنية 4G LTE بلون ذهبي صن سيت …
108,إنفينيكس,3939.0,جنيه ,0,0,noon-express,5.0,no,إنفينيكس هاتف هوت 11 بلاي ثنائي الشريحة بذاكرة رام سعة 4 جيجابايت وذاكرة داخلية سعة 64 جيجابايت ويدعم تقنية 4G LTE بلون أخضر هيز …
109,شاومي,6599.0,جنيه ,7210,8,noon-express,4.5,yes,شاومي Redmi Note 11 Pro 4G Dual Sim Star Blue 6GB RAM 64GB - Global Version …
110,نوكيا,419.0,جنيه ,0,0,noon-express,4.5,yes,نوكيا هاتف 106 ثنائي الشريحة بذاكرة داخلية سعة 4 ميجابايت ويدعم تقنية 2G، لون رمادي داكن …
111,أبل,15750.0,جنيه ,15933,0,noon-express,4.6,yes,أبل آيفون 11 بلون أسود يدعم تقنية 4G LTE  وذاكرة 128 جيجابايت ( 2020 - علبة هاتف رفيعة) - المواصفات العالمية …
112,نوكيا,415.0,جنيه ,485,14,noon-express,4.6,yes,نوكيا موبايل 105 بشريحتين لون أسود بذاكرة داخلية سعة 4 ميجابايت يدعم تقنية 2G …
113,سامسونج,6499.0,جنيه ,6800,0,noon-express,4.8,yes,سامسونج هاتف جالاكسي A23 ثنائي الشريحة بذاكرة رام 6 جيجابايت وذاكرة داخلية سعة 128 جيجابايت ويدعم تقنية LTE - إصدار الشرق الأوسط، لون أسود …
114,أبل,21240.0,جنيه ,0,0,noon-express,4.7,yes,أبل هاتف آيفون 13 بذاكرة داخلية 128 جيجابايت ويدعم تقنية 5G مع تطبيق فيس تايم بلون ميدنايت- النسخة العالمية …
115,شاومي,6299.0,جنيه ,0,0,noon-express,4.6,no,شاومي هاتف ريدمي نوت 11 بذاكرة رام سعة 6 جيجابايت وذاكرة داخلية سعة 128 جيجابايت ويدعم تقنية LTE، لون رمادي داكن …
116,أوبو,9798.0,جنيه ,0,0,noon-express,4.3,yes,أوبو Reno 7 Black Dual Sim 8GB RAM 256GB 4G LTE …
117,ريل مي,3899.0,جنيه ,0,0,noon-express,4.6,yes,ريل مي هاتف C21Y ثنائي الشريحة بذاكرة رام سعة 4 جيجابايت وذاكرة داخلية سعة 64 جيجابايت ويدعم تقنية 4G LTE وبلون أسود بنمط متقاطع - إصدار الشرق الأوسط …
118,أوبو,7990.0,جنيه ,0,0,noon-express,5.0,no,أوبو A96 Dual SIM Sunset Blue 8GB RAM 256GB 4G LTE - International Version …
119,أوبو,6500.0,جنيه ,0,0,noon-express,,no,أوبو A76 Dual SIM Glwing Black 6GB RAM 128GB 4G LTE - International Version …
120,إيتيل,334.0,جنيه ,0,0,noon-express,4.0,yes,إيتيل هاتف آيتل 2160 بشريحتين لون أسود سعة 4 ميجابايت يدعم خدمة 2G …
121,أبل,21199.0,جنيه ,0,0,noon-express,4.8,yes,أبل هاتف آيفون 13 بذاكرة داخلية سعة 128 جيجابايت يدعم تقنية 5G مع تطبيق فيس تايم بلون أزرق - النسخة العالمية …
122,سامسونج,7975.0,جنيه ,8999,11,noon-express,,yes,سامسونج Galaxy A33 Dual SIM 8GB RAM 128GB 5G Awesome Black …
123,أوبو,5999.0,جنيه ,6499,7,noon-express,4.5,no,أوبو هاتف A55 ثنائي الشريحة بذاكرة رام سعة 4 جيجابايت وذاكرة داخلية سعة 128 جيجابايت ويدعم تقنية 4G LTE، لون أسود لامع …
124,أبل,31499.0,جنيه ,0,0,noon-express,4.8,no,أبل هاتف آيفون 13 برو ماكس مع تطبيق فيس تايم بذاكرة داخلية 256 جيجابايت وتقنية 5G بلون أزرق سييرا - إصدار الولايات المتحدة الأمريكية …
125,أبل,15750.0,جنيه ,0,0,noon-express,4.6,no,أبل آيفون 11 مع فيس تايم بلون أسود وذاكرة 128 جيجابايت ويدعم تقنية 4G LTE - بالمواصفات العالمية …
126,أبل,30990.0,جنيه ,0,0,noon-express,4.7,no,أبل iPhone 13 Pro Max 256GB Graphite 5G With Facetime - International Specs …
127,سامسونج,13500.0,جنيه ,0,0,noon-express,5.0,no,سامسونج هاتف جالاكسي A73 ثنائي الشريحة بذاكرة رام 8 جيجابايت وذاكرة داخلية 256 جيجابايت ويدعم تقنية 5G بلون أبيض أوسوم - إصدار الشرق الأوسط …
128,سامسونج,26250.0,جنيه ,34999,24,noon-express,4.8,no,سامسونج هاتف جالاكسي S22 ألترا ثنائي الشريحة بذاكرة رام سعة 12 جيجابايت وذاكرة داخلية سعة 256 جيجابايت ويدعم تقنية 5G، لون أسود فانتوم - إصدار الشرق الأوسط …
129,نوكيا,4990.0,جنيه ,0,0,noon-express,4.9,no,نوكيا T20 10.4 Inch Ocean Blue 4GB RAM 64GB 4G LTE-Middle East Version …
130,أوبو,6080.0,جنيه ,0,0,noon-express,,no,أوبو A77 Dual SIM 4GB RAM 128GB 4G Sky Blue- Middle East Version …
131,أوبو,4899.0,جنيه ,0,0,noon-express,4.5,no,أوبو A16 Dual SIM Crystal Black 4GB RAM 64GB 4G -Middle East Version …
132,أوبو,7710.0,جنيه ,8999,14,noon-express,5.0,no,أوبو A96 Dual SIM 256GB 8GB Ram 4G LTE Blue …
133,سامسونج,22999.0,جنيه ,0,0,noon-express,4.7,no,سامسونج هاتف جالاكسي نوت 20 ألترا ثنائي الشريحة وذاكرة رام بسعة 12 جيجابايت وذاكرة داخلية بسعة 256 جيجابايت ويدعم تقنية 5G - لون برونزي داكن …
134,شاومي,11200.0,جنيه ,0,0,noon-express,4.5,no,شاومي هاتف 11T ثنائي الشريحة بذاكرة رام 8 جيجابايت وذاكرة داخلية 256 جيجابايت ويدعم تقنية 5G، بلون رمادي ميتيورايت - إصدار العالمي …
135,أبل,20840.0,جنيه ,27228,23,noon-express,4.8,yes,أبل هاتف آيفون 13 بذاكرة داخلية سعة 128 جيجابايت يدعم تقنية 5G مع تطبيق فيس تايم بلون وردي - النسخة العالمية …
136,شاومي,11225.0,جنيه ,0,0,noon-express,4.8,yes,شاومي Redmi Note 11 Pro Plus 5G Dual SIM Graphite Gray 8GB RAM 256GB - Global Version …
137,أبل,21499.0,جنيه ,0,0,noon-express,4.9,no,أبل آيفون 13 سعة 128 جيجابايت يدعم تقنية 5G مع فيس تايم بلون سماء الليل - نسخة المملكة العربية السعودية …
138,فيفو,5385.0,جنيه ,0,0,noon-express,,no,"فيفو Y33a Internal Memory 128 GB ,4 GB Ram ,6.58 inches -Midday Dream …"
139,سامسونج,20799.0,جنيه ,25000,16,noon-express,4.9,no,سامسونج هاتف جالاكسي نوت 20 ألترا ثنائي الشريحة بذاكرة رام سعة 8 جيجابايت وسعة تخزين داخلية 256 جيجابايت يدعم تقنية 4G LTE - إصدار عالمي - بلون أسود داكن …
140,أوبو,9820.0,جنيه ,0,0,noon-express,,yes,أوبو Reno 7 Orange Dual Sim 8GB RAM 256GB 4G LTE …
141,شاومي,7333.0,جنيه ,7535,0,noon-express,5.0,no,شاومي هاتف ريدمي نوت 11s ثنائي الشريحة بذاكرة رام سعة 6 جيجابايت وذاكرة داخلية سعة 128 جيجابايت ويدعم تقنية 4G LTE، لون رمادي جرافيتي - إصدار عالمي …
142,سامسونج,6942.0,جنيه ,0,0,noon-express,4.7,no,سامسونج هاتف جالاكسي A32 ثنائي الشريحة بلون أسود أوسوم وذاكرة رام 6 جيجابايت وذاكرة داخلية 128 جيجابايت يدعم تقنية 4G LTE - إصدار الشرق الأوسط …
143,شاومي,4840.0,جنيه ,5249,7,noon-express,4.3,no,شاومي هاتف ريدمي 10C ثنائي الشريحة، لون رصاصي داكن، ذاكرة رام سعة 4 جيجابايت، ذاكرة داخلية سعة 128 جيجابايت، تقنية 4G LTE - إصدار عالمي …
144,سامسونج,6220.0,جنيه ,0,0,noon-express,,yes,سامسونج هاتف جالاكسي A23 ثنائي الشريحة بذاكرة رام 6 جيجابايت وذاكرة داخلية 128 جيجابايت ويدعم تقنية LTE بلون خوخي - إصدار الشرق الأوسط …
145,سامسونج,18700.0,جنيه ,19550,0,noon-express,4.3,no,سامسونج هاتف جالاكسي Z فليب 3 بشريحة واحدة وذاكرة رام سعة 8 جيجابايت وذاكرة داخلية سعة 256 جيجابايت ويدعم تقنية 5G، لون أسود فانتوم - إصدار عالمي …
146,شاومي,6666.0,جنيه ,8050,17,noon-express,4.2,no,شاومي هاتف ريدمي نوت 11 ثنائي الشريحة بذاكرة رام سعة 6 جيجابايت وذاكرة داخلية سعة 128 جيجابايت ويدعم تقنية 4G LTE - إصدار عالمي، لون أزرق تويلايت …
147,أبل,17100.0,جنيه ,18379,6,noon-express,,no,أبل آيفون Xs  ماكس مع فيس تايم سعة 512 جيجابايت يدعم تقنية 4G LTE رمادي فلكي …
148,أوبو,5399.0,جنيه ,0,0,noon-express,4.7,no,أوبو A54 Dual SIM Starry Blue 4GB RAM 128GB 4G LTE …
149,شاومي,5599.0,جنيه ,0,0,noon-express,4.6,no,شاومي Redmi 10 2022 Dual SIM Carbon Gray 4GB RAM 128GB - Global Version …
150,ريل مي,2914.0,جنيه ,4400,33,noon-express,4.5,yes,ريل مي C11 (2021) Dual SIM Cool Blue 2GB RAM 32GB 4G LTE - Middle East Version …
151,سامسونج,2999.0,جنيه ,3199,6,noon-express,4.6,yes,سامسونج Galaxy A03 Core Dual SIM Onyx Black 2GB RAM 32GB LTE - Middle East Version …
152,شاومي,3020.0,جنيه ,3444,12,noon-express,4.6,yes,شاومي هاتف ريدمي 9A ثنائي الشريحة بذاكرة داخلية 32 جيجابايت وذاكرة رام 2 جيجابايت ويدعم تقنية 4G LTE، لون أزرق …
153,شاومي,3010.0,جنيه ,3444,12,noon-express,4.5,yes,شاومي هاتف ريدمي 9A ثنائي الشريحة بذاكرة رام سعة 2 جيجابايت وذاكرة داخلية سعة 32 جيجابايت ويدعم تقنية 4G LTE، لون رمادي جرانيت …
154,سامسونج,3090.0,جنيه ,0,0,noon-express,4.5,no,سامسونج Galaxy A03 Core Dual SIM Bronze 2GB RAM 32GB LTE - Middle East Version …
155,إنفينيكس,3555.0,جنيه ,0,0,noon-express,5.0,no,إنفينيكس هاتف سمارت 6 ثنائي الشريحة بذاكرة رام سعة 3 جيجابايت وذاكرة داخلية سعة 64 جيجابايت ويدعم تقنية 4G LTE، لون أسود ميدنايت …
156,إنفينيكس,3698.0,جنيه ,0,0,noon-express,4.3,no,إنفينيكس Smart 6 Dual SIM 3GB RAM 64GB 4G LTE Heart Of Ocean/Ocean Wave …
157,إنفينيكس,3939.0,جنيه ,0,0,noon-express,4.9,no,إنفينيكس هاتف هوت 11 بلاي ثنائي الشريحة بذاكرة رام سعة 4 جيجابايت وذاكرة داخلية سعة 64 جيجابايت ويدعم تقنية 4G LTE بلون ذهبي صن سيت …
158,إنفينيكس,3939.0,جنيه ,0,0,noon-express,5.0,no,إنفينيكس هاتف هوت 11 بلاي ثنائي الشريحة بذاكرة رام سعة 4 جيجابايت وذاكرة داخلية سعة 64 جيجابايت ويدعم تقنية 4G LTE بلون أخضر هيز …
159,شاومي,6599.0,جنيه ,7210,8,noon-express,4.5,yes,شاومي Redmi Note 11 Pro 4G Dual Sim Star Blue 6GB RAM 64GB - Global Version …
160,نوكيا,419.0,جنيه ,0,0,noon-express,4.5,yes,نوكيا هاتف 106 ثنائي الشريحة بذاكرة داخلية سعة 4 ميجابايت ويدعم تقنية 2G، لون رمادي داكن …
161,أبل,15750.0,جنيه ,15933,0,noon-express,4.6,yes,أبل آيفون 11 بلون أسود يدعم تقنية 4G LTE  وذاكرة 128 جيجابايت ( 2020 - علبة هاتف رفيعة) - المواصفات العالمية …
162,نوكيا,415.0,جنيه ,485,14,noon-express,4.6,yes,نوكيا موبايل 105 بشريحتين لون أسود بذاكرة داخلية سعة 4 ميجابايت يدعم تقنية 2G …
163,سامسونج,6499.0,جنيه ,6800,0,noon-express,4.8,yes,سامسونج هاتف جالاكسي A23 ثنائي الشريحة بذاكرة رام 6 جيجابايت وذاكرة داخلية سعة 128 جيجابايت ويدعم تقنية LTE - إصدار الشرق الأوسط، لون أسود …
164,أبل,21240.0,جنيه ,0,0,noon-express,4.7,yes,أبل هاتف آيفون 13 بذاكرة داخلية 128 جيجابايت ويدعم تقنية 5G مع تطبيق فيس تايم بلون ميدنايت- النسخة العالمية …
165,شاومي,6299.0,جنيه ,0,0,noon-express,4.6,no,شاومي هاتف ريدمي نوت 11 بذاكرة رام سعة 6 جيجابايت وذاكرة داخلية سعة 128 جيجابايت ويدعم تقنية LTE، لون رمادي داكن …
166,أوبو,9798.0,جنيه ,0,0,noon-express,4.3,yes,أوبو Reno 7 Black Dual Sim 8GB RAM 256GB 4G LTE …
167,ريل مي,3899.0,جنيه ,0,0,noon-express,4.6,yes,ريل مي هاتف C21Y ثنائي الشريحة بذاكرة رام سعة 4 جيجابايت وذاكرة داخلية سعة 64 جيجابايت ويدعم تقنية 4G LTE وبلون أسود بنمط متقاطع - إصدار الشرق الأوسط …
168,أوبو,7990.0,جنيه ,0,0,noon-express,5.0,no,أوبو A96 Dual SIM Sunset Blue 8GB RAM 256GB 4G LTE - International Version …
169,أوبو,6500.0,جنيه ,0,0,noon-express,,no,أوبو A76 Dual SIM Glwing Black 6GB RAM 128GB 4G LTE - International Version …
170,إيتيل,334.0,جنيه ,0,0,noon-express,4.0,yes,إيتيل هاتف آيتل 2160 بشريحتين لون أسود سعة 4 ميجابايت يدعم خدمة 2G …
171,أبل,21199.0,جنيه ,0,0,noon-express,4.8,yes,أبل هاتف آيفون 13 بذاكرة داخلية سعة 128 جيجابايت يدعم تقنية 5G مع تطبيق فيس تايم بلون أزرق - النسخة العالمية …
172,سامسونج,7975.0,جنيه ,8999,11,noon-express,,yes,سامسونج Galaxy A33 Dual SIM 8GB RAM 128GB 5G Awesome Black …
173,أوبو,5999.0,جنيه ,6499,7,noon-express,4.5,no,أوبو هاتف A55 ثنائي الشريحة بذاكرة رام سعة 4 جيجابايت وذاكرة داخلية سعة 128 جيجابايت ويدعم تقنية 4G LTE، لون أسود لامع …
174,أبل,31499.0,جنيه ,0,0,noon-express,4.8,no,أبل هاتف آيفون 13 برو ماكس مع تطبيق فيس تايم بذاكرة داخلية 256 جيجابايت وتقنية 5G بلون أزرق سييرا - إصدار الولايات المتحدة الأمريكية …
175,أبل,15750.0,جنيه ,0,0,noon-express,4.6,no,أبل آيفون 11 مع فيس تايم بلون أسود وذاكرة 128 جيجابايت ويدعم تقنية 4G LTE - بالمواصفات العالمية …
176,أبل,30990.0,جنيه ,0,0,noon-express,4.7,no,أبل iPhone 13 Pro Max 256GB Graphite 5G With Facetime - International Specs …
177,سامسونج,13500.0,جنيه ,0,0,noon-express,5.0,no,سامسونج هاتف جالاكسي A73 ثنائي الشريحة بذاكرة رام 8 جيجابايت وذاكرة داخلية 256 جيجابايت ويدعم تقنية 5G بلون أبيض أوسوم - إصدار الشرق الأوسط …
178,سامسونج,26250.0,جنيه ,34999,24,noon-express,4.8,no,سامسونج هاتف جالاكسي S22 ألترا ثنائي الشريحة بذاكرة رام سعة 12 جيجابايت وذاكرة داخلية سعة 256 جيجابايت ويدعم تقنية 5G، لون أسود فانتوم - إصدار الشرق الأوسط …
179,نوكيا,4990.0,جنيه ,0,0,noon-express,4.9,no,نوكيا T20 10.4 Inch Ocean Blue 4GB RAM 64GB 4G LTE-Middle East Version …
180,أوبو,6080.0,جنيه ,0,0,noon-express,,no,أوبو A77 Dual SIM 4GB RAM 128GB 4G Sky Blue- Middle East Version …
181,أوبو,4899.0,جنيه ,0,0,noon-express,4.5,no,أوبو A16 Dual SIM Crystal Black 4GB RAM 64GB 4G -Middle East Version …
182,أوبو,7710.0,جنيه ,8999,14,noon-express,5.0,no,أوبو A96 Dual SIM 256GB 8GB Ram 4G LTE Blue …
183,سامسونج,22999.0,جنيه ,0,0,noon-express,4.7,no,سامسونج هاتف جالاكسي نوت 20 ألترا ثنائي الشريحة وذاكرة رام بسعة 12 جيجابايت وذاكرة داخلية بسعة 256 جيجابايت ويدعم تقنية 5G - لون برونزي داكن …
184,شاومي,11200.0,جنيه ,0,0,noon-express,4.5,no,شاومي هاتف 11T ثنائي الشريحة بذاكرة رام 8 جيجابايت وذاكرة داخلية 256 جيجابايت ويدعم تقنية 5G، بلون رمادي ميتيورايت - إصدار العالمي …
185,أبل,20840.0,جنيه ,27228,23,noon-express,4.8,yes,أبل هاتف آيفون 13 بذاكرة داخلية سعة 128 جيجابايت يدعم تقنية 5G مع تطبيق فيس تايم بلون وردي - النسخة العالمية …
186,شاومي,11225.0,جنيه ,0,0,noon-express,4.8,yes,شاومي Redmi Note 11 Pro Plus 5G Dual SIM Graphite Gray 8GB RAM 256GB - Global Version …
187,أبل,21499.0,جنيه ,0,0,noon-express,4.9,no,أبل آيفون 13 سعة 128 جيجابايت يدعم تقنية 5G مع فيس تايم بلون سماء الليل - نسخة المملكة العربية السعودية …
188,فيفو,5385.0,جنيه ,0,0,noon-express,,no,"فيفو Y33a Internal Memory 128 GB ,4 GB Ram ,6.58 inches -Midday Dream …"
189,سامسونج,20799.0,جنيه ,25000,16,noon-express,4.9,no,سامسونج هاتف جالاكسي نوت 20 ألترا ثنائي الشريحة بذاكرة رام سعة 8 جيجابايت وسعة تخزين داخلية 256 جيجابايت يدعم تقنية 4G LTE - إصدار عالمي - بلون أسود داكن …
190,أوبو,9820.0,جنيه ,0,0,noon-express,,yes,أوبو Reno 7 Orange Dual Sim 8GB RAM 256GB 4G LTE …
191,شاومي,7333.0,جنيه ,7535,0,noon-express,5.0,no,شاومي هاتف ريدمي نوت 11s ثنائي الشريحة بذاكرة رام سعة 6 جيجابايت وذاكرة داخلية سعة 128 جيجابايت ويدعم تقنية 4G LTE، لون رمادي جرافيتي - إصدار عالمي …
192,سامسونج,6942.0,جنيه ,0,0,noon-express,4.7,no,سامسونج هاتف جالاكسي A32 ثنائي الشريحة بلون أسود أوسوم وذاكرة رام 6 جيجابايت وذاكرة داخلية 128 جيجابايت يدعم تقنية 4G LTE - إصدار الشرق الأوسط …
193,شاومي,4840.0,جنيه ,5249,7,noon-express,4.3,no,شاومي هاتف ريدمي 10C ثنائي الشريحة، لون رصاصي داكن، ذاكرة رام سعة 4 جيجابايت، ذاكرة داخلية سعة 128 جيجابايت، تقنية 4G LTE - إصدار عالمي …
194,سامسونج,6220.0,جنيه ,0,0,noon-express,,yes,سامسونج هاتف جالاكسي A23 ثنائي الشريحة بذاكرة رام 6 جيجابايت وذاكرة داخلية 128 جيجابايت ويدعم تقنية LTE بلون خوخي - إصدار الشرق الأوسط …
195,سامسونج,18700.0,جنيه ,19550,0,noon-express,4.3,no,سامسونج هاتف جالاكسي Z فليب 3 بشريحة واحدة وذاكرة رام سعة 8 جيجابايت وذاكرة داخلية سعة 256 جيجابايت ويدعم تقنية 5G، لون أسود فانتوم - إصدار عالمي …
196,شاومي,6666.0,جنيه ,8050,17,noon-express,4.2,no,شاومي هاتف ريدمي نوت 11 ثنائي الشريحة بذاكرة رام سعة 6 جيجابايت وذاكرة داخلية سعة 128 جيجابايت ويدعم تقنية 4G LTE - إصدار عالمي، لون أزرق تويلايت …
197,أبل,17100.0,جنيه ,18379,6,noon-express,,no,أبل آيفون Xs  ماكس مع فيس تايم سعة 512 جيجابايت يدعم تقنية 4G LTE رمادي فلكي …
198,أوبو,5399.0,جنيه ,0,0,noon-express,4.7,no,أوبو A54 Dual SIM Starry Blue 4GB RAM 128GB 4G LTE …
199,شاومي,5599.0,جنيه ,0,0,noon-express,4.6,no,شاومي Redmi 10 2022 Dual SIM Carbon Gray 4GB RAM 128GB - Global Version …
200,ريل مي,2914.0,جنيه ,4400,33,noon-express,4.5,yes,ريل مي C11 (2021) Dual SIM Cool Blue 2GB RAM 32GB 4G LTE - Middle East Version …
201,سامسونج,2999.0,جنيه ,3199,6,noon-express,4.6,yes,سامسونج Galaxy A03 Core Dual SIM Onyx Black 2GB RAM 32GB LTE - Middle East Version …
202,شاومي,3020.0,جنيه ,3444,12,noon-express,4.6,yes,شاومي هاتف ريدمي 9A ثنائي الشريحة بذاكرة داخلية 32 جيجابايت وذاكرة رام 2 جيجابايت ويدعم تقنية 4G LTE، لون أزرق …
203,شاومي,3010.0,جنيه ,3444,12,noon-express,4.5,yes,شاومي هاتف ريدمي 9A ثنائي الشريحة بذاكرة رام سعة 2 جيجابايت وذاكرة داخلية سعة 32 جيجابايت ويدعم تقنية 4G LTE، لون رمادي جرانيت …
204,سامسونج,3090.0,جنيه ,0,0,noon-express,4.5,no,سامسونج Galaxy A03 Core Dual SIM Bronze 2GB RAM 32GB LTE - Middle East Version …
205,إنفينيكس,3555.0,جنيه ,0,0,noon-express,5.0,no,إنفينيكس هاتف سمارت 6 ثنائي الشريحة بذاكرة رام سعة 3 جيجابايت وذاكرة داخلية سعة 64 جيجابايت ويدعم تقنية 4G LTE، لون أسود ميدنايت …
206,إنفينيكس,3698.0,جنيه ,0,0,noon-express,4.3,no,إنفينيكس Smart 6 Dual SIM 3GB RAM 64GB 4G LTE Heart Of Ocean/Ocean Wave …
207,إنفينيكس,3939.0,جنيه ,0,0,noon-express,4.9,no,إنفينيكس هاتف هوت 11 بلاي ثنائي الشريحة بذاكرة رام سعة 4 جيجابايت وذاكرة داخلية سعة 64 جيجابايت ويدعم تقنية 4G LTE بلون ذهبي صن سيت …
208,إنفينيكس,3939.0,جنيه ,0,0,noon-express,5.0,no,إنفينيكس هاتف هوت 11 بلاي ثنائي الشريحة بذاكرة رام سعة 4 جيجابايت وذاكرة داخلية سعة 64 جيجابايت ويدعم تقنية 4G LTE بلون أخضر هيز …
209,شاومي,6599.0,جنيه ,7210,8,noon-express,4.5,yes,شاومي Redmi Note 11 Pro 4G Dual Sim Star Blue 6GB RAM 64GB - Global Version …
210,نوكيا,419.0,جنيه ,0,0,noon-express,4.5,yes,نوكيا هاتف 106 ثنائي الشريحة بذاكرة داخلية سعة 4 ميجابايت ويدعم تقنية 2G، لون رمادي داكن …
211,أبل,15750.0,جنيه ,15933,0,noon-express,4.6,yes,أبل آيفون 11 بلون أسود يدعم تقنية 4G LTE  وذاكرة 128 جيجابايت ( 2020 - علبة هاتف رفيعة) - المواصفات العالمية …
212,نوكيا,415.0,جنيه ,485,14,noon-express,4.6,yes,نوكيا موبايل 105 بشريحتين لون أسود بذاكرة داخلية سعة 4 ميجابايت يدعم تقنية 2G …
213,سامسونج,6499.0,جنيه ,6800,0,noon-express,4.8,yes,سامسونج هاتف جالاكسي A23 ثنائي الشريحة بذاكرة رام 6 جيجابايت وذاكرة داخلية سعة 128 جيجابايت ويدعم تقنية LTE - إصدار الشرق الأوسط، لون أسود …
214,أبل,21240.0,جنيه ,0,0,noon-express,4.7,yes,أبل هاتف آيفون 13 بذاكرة داخلية 128 جيجابايت ويدعم تقنية 5G مع تطبيق فيس تايم بلون ميدنايت- النسخة العالمية …
215,شاومي,6299.0,جنيه ,0,0,noon-express,4.6,no,شاومي هاتف ريدمي نوت 11 بذاكرة رام سعة 6 جيجابايت وذاكرة داخلية سعة 128 جيجابايت ويدعم تقنية LTE، لون رمادي داكن …
216,أوبو,9798.0,جنيه ,0,0,noon-express,4.3,yes,أوبو Reno 7 Black Dual Sim 8GB RAM 256GB 4G LTE …
217,ريل مي,3899.0,جنيه ,0,0,noon-express,4.6,yes,ريل مي هاتف C21Y ثنائي الشريحة بذاكرة رام سعة 4 جيجابايت وذاكرة داخلية سعة 64 جيجابايت ويدعم تقنية 4G LTE وبلون أسود بنمط متقاطع - إصدار الشرق الأوسط …
218,أوبو,7990.0,جنيه ,0,0,noon-express,5.0,no,أوبو A96 Dual SIM Sunset Blue 8GB RAM 256GB 4G LTE - International Version …
219,أوبو,6500.0,جنيه ,0,0,noon-express,,no,أوبو A76 Dual SIM Glwing Black 6GB RAM 128GB 4G LTE - International Version …
220,إيتيل,334.0,جنيه ,0,0,noon-express,4.0,yes,إيتيل هاتف آيتل 2160 بشريحتين لون أسود سعة 4 ميجابايت يدعم خدمة 2G …
221,أبل,21199.0,جنيه ,0,0,noon-express,4.8,yes,أبل هاتف آيفون 13 بذاكرة داخلية سعة 128 جيجابايت يدعم تقنية 5G مع تطبيق فيس تايم بلون أزرق - النسخة العالمية …
222,سامسونج,7975.0,جنيه ,8999,11,noon-express,,yes,سامسونج Galaxy A33 Dual SIM 8GB RAM 128GB 5G Awesome Black …
223,أوبو,5999.0,جنيه ,6499,7,noon-express,4.5,no,أوبو هاتف A55 ثنائي الشريحة بذاكرة رام سعة 4 جيجابايت وذاكرة داخلية سعة 128 جيجابايت ويدعم تقنية 4G LTE، لون أسود لامع …
224,أبل,31499.0,جنيه ,0,0,noon-express,4.8,no,أبل هاتف آيفون 13 برو ماكس مع تطبيق فيس تايم بذاكرة داخلية 256 جيجابايت وتقنية 5G بلون أزرق سييرا - إصدار الولايات المتحدة الأمريكية …
225,أبل,15750.0,جنيه ,0,0,noon-express,4.6,no,أبل آيفون 11 مع فيس تايم بلون أسود وذاكرة 128 جيجابايت ويدعم تقنية 4G LTE - بالمواصفات العالمية …
226,أبل,30990.0,جنيه ,0,0,noon-express,4.7,no,أبل iPhone 13 Pro Max 256GB Graphite 5G With Facetime - International Specs …
227,سامسونج,13500.0,جنيه ,0,0,noon-express,5.0,no,سامسونج هاتف جالاكسي A73 ثنائي الشريحة بذاكرة رام 8 جيجابايت وذاكرة داخلية 256 جيجابايت ويدعم تقنية 5G بلون أبيض أوسوم - إصدار الشرق الأوسط …
228,سامسونج,26250.0,جنيه ,34999,24,noon-express,4.8,no,سامسونج هاتف جالاكسي S22 ألترا ثنائي الشريحة بذاكرة رام سعة 12 جيجابايت وذاكرة داخلية سعة 256 جيجابايت ويدعم تقنية 5G، لون أسود فانتوم - إصدار الشرق الأوسط …
229,نوكيا,4990.0,جنيه ,0,0,noon-express,4.9,no,نوكيا T20 10.4 Inch Ocean Blue 4GB RAM 64GB 4G LTE-Middle East Version …
230,أوبو,6080.0,جنيه ,0,0,noon-express,,no,أوبو A77 Dual SIM 4GB RAM 128GB 4G Sky Blue- Middle East Version …
231,أوبو,4899.0,جنيه ,0,0,noon-express,4.5,no,أوبو A16 Dual SIM Crystal Black 4GB RAM 64GB 4G -Middle East Version …
232,أوبو,7710.0,جنيه ,8999,14,noon-express,5.0,no,أوبو A96 Dual SIM 256GB 8GB Ram 4G LTE Blue …
233,سامسونج,22999.0,جنيه ,0,0,noon-express,4.7,no,سامسونج هاتف جالاكسي نوت 20 ألترا ثنائي الشريحة وذاكرة رام بسعة 12 جيجابايت وذاكرة داخلية بسعة 256 جيجابايت ويدعم تقنية 5G - لون برونزي داكن …
234,شاومي,11200.0,جنيه ,0,0,noon-express,4.5,no,شاومي هاتف 11T ثنائي الشريحة بذاكرة رام 8 جيجابايت وذاكرة داخلية 256 جيجابايت ويدعم تقنية 5G، بلون رمادي ميتيورايت - إصدار العالمي …
235,أبل,20840.0,جنيه ,27228,23,noon-express,4.8,yes,أبل هاتف آيفون 13 بذاكرة داخلية سعة 128 جيجابايت يدعم تقنية 5G مع تطبيق فيس تايم بلون وردي - النسخة العالمية …
236,شاومي,11225.0,جنيه ,0,0,noon-express,4.8,yes,شاومي Redmi Note 11 Pro Plus 5G Dual SIM Graphite Gray 8GB RAM 256GB - Global Version …
237,أبل,21499.0,جنيه ,0,0,noon-express,4.9,no,أبل آيفون 13 سعة 128 جيجابايت يدعم تقنية 5G مع فيس تايم بلون سماء الليل - نسخة المملكة العربية السعودية …
238,فيفو,5385.0,جنيه ,0,0,noon-express,,no,"فيفو Y33a Internal Memory 128 GB ,4 GB Ram ,6.58 inches -Midday Dream …"
239,سامسونج,20799.0,جنيه ,25000,16,noon-express,4.9,no,سامسونج هاتف جالاكسي نوت 20 ألترا ثنائي الشريحة بذاكرة رام سعة 8 جيجابايت وسعة تخزين داخلية 256 جيجابايت يدعم تقنية 4G LTE - إصدار عالمي - بلون أسود داكن …
240,أوبو,9820.0,جنيه ,0,0,noon-express,,yes,أوبو Reno 7 Orange Dual Sim 8GB RAM 256GB 4G LTE …
241,شاومي,7333.0,جنيه ,7535,0,noon-express,5.0,no,شاومي هاتف ريدمي نوت 11s ثنائي الشريحة بذاكرة رام سعة 6 جيجابايت وذاكرة داخلية سعة 128 جيجابايت ويدعم تقنية 4G LTE، لون رمادي جرافيتي - إصدار عالمي …
242,سامسونج,6942.0,جنيه ,0,0,noon-express,4.7,no,سامسونج هاتف جالاكسي A32 ثنائي الشريحة بلون أسود أوسوم وذاكرة رام 6 جيجابايت وذاكرة داخلية 128 جيجابايت يدعم تقنية 4G LTE - إصدار الشرق الأوسط …
243,شاومي,4840.0,جنيه ,5249,7,noon-express,4.3,no,شاومي هاتف ريدمي 10C ثنائي الشريحة، لون رصاصي داكن، ذاكرة رام سعة 4 جيجابايت، ذاكرة داخلية سعة 128 جيجابايت، تقنية 4G LTE - إصدار عالمي …
244,سامسونج,6220.0,جنيه ,0,0,noon-express,,yes,سامسونج هاتف جالاكسي A23 ثنائي الشريحة بذاكرة رام 6 جيجابايت وذاكرة داخلية 128 جيجابايت ويدعم تقنية LTE بلون خوخي - إصدار الشرق الأوسط …
245,سامسونج,18700.0,جنيه ,19550,0,noon-express,4.3,no,سامسونج هاتف جالاكسي Z فليب 3 بشريحة واحدة وذاكرة رام سعة 8 جيجابايت وذاكرة داخلية سعة 256 جيجابايت ويدعم تقنية 5G، لون أسود فانتوم - إصدار عالمي …
246,شاومي,6666.0,جنيه ,8050,17,noon-express,4.2,no,شاومي هاتف ريدمي نوت 11 ثنائي الشريحة بذاكرة رام سعة 6 جيجابايت وذاكرة داخلية سعة 128 جيجابايت ويدعم تقنية 4G LTE - إصدار عالمي، لون أزرق تويلايت …
247,أبل,17100.0,جنيه ,18379,6,noon-express,,no,أبل آيفون Xs  ماكس مع فيس تايم سعة 512 جيجابايت يدعم تقنية 4G LTE رمادي فلكي …
248,أوبو,5399.0,جنيه ,0,0,noon-express,4.7,no,أوبو A54 Dual SIM Starry Blue 4GB RAM 128GB 4G LTE …
249,شاومي,5599.0,جنيه ,0,0,noon-express,4.6,no,شاومي Redmi 10 2022 Dual SIM Carbon Gray 4GB RAM 128GB - Global Version …
250,ريل مي,2914.0,جنيه ,4400,33,noon-express,4.5,yes,ريل مي C11 (2021) Dual SIM Cool Blue 2GB RAM 32GB 4G LTE - Middle East Version …
251,سامسونج,2999.0,جنيه ,3199,6,noon-express,4.6,yes,سامسونج Galaxy A03 Core Dual SIM Onyx Black 2GB RAM 32GB LTE - Middle East Version …
252,شاومي,3020.0,جنيه ,3444,12,noon-express,4.6,yes,شاومي هاتف ريدمي 9A ثنائي الشريحة بذاكرة داخلية 32 جيجابايت وذاكرة رام 2 جيجابايت ويدعم تقنية 4G LTE، لون أزرق …
253,شاومي,3010.0,جنيه ,3444,12,noon-express,4.5,yes,شاومي هاتف ريدمي 9A ثنائي الشريحة بذاكرة رام سعة 2 جيجابايت وذاكرة داخلية سعة 32 جيجابايت ويدعم تقنية 4G LTE، لون رمادي جرانيت …
254,سامسونج,3090.0,جنيه ,0,0,noon-express,4.5,no,سامسونج Galaxy A03 Core Dual SIM Bronze 2GB RAM 32GB LTE - Middle East Version …
255,إنفينيكس,3555.0,جنيه ,0,0,noon-express,5.0,no,إنفينيكس هاتف سمارت 6 ثنائي الشريحة بذاكرة رام سعة 3 جيجابايت وذاكرة داخلية سعة 64 جيجابايت ويدعم تقنية 4G LTE، لون أسود ميدنايت …
256,إنفينيكس,3698.0,جنيه ,0,0,noon-express,4.3,no,إنفينيكس Smart 6 Dual SIM 3GB RAM 64GB 4G LTE Heart Of Ocean/Ocean Wave …
257,إنفينيكس,3939.0,جنيه ,0,0,noon-express,4.9,no,إنفينيكس هاتف هوت 11 بلاي ثنائي الشريحة بذاكرة رام سعة 4 جيجابايت وذاكرة داخلية سعة 64 جيجابايت ويدعم تقنية 4G LTE بلون ذهبي صن سيت …
258,إنفينيكس,3939.0,جنيه ,0,0,noon-express,5.0,no,إنفينيكس هاتف هوت 11 بلاي ثنائي الشريحة بذاكرة رام سعة 4 جيجابايت وذاكرة داخلية سعة 64 جيجابايت ويدعم تقنية 4G LTE بلون أخضر هيز …
259,شاومي,6599.0,جنيه ,7210,8,noon-express,4.5,yes,شاومي Redmi Note 11 Pro 4G Dual Sim Star Blue 6GB RAM 64GB - Global Version …
260,نوكيا,419.0,جنيه ,0,0,noon-express,4.5,yes,نوكيا هاتف 106 ثنائي الشريحة بذاكرة داخلية سعة 4 ميجابايت ويدعم تقنية 2G، لون رمادي داكن …
261,أبل,15750.0,جنيه ,15933,0,noon-express,4.6,yes,أبل آيفون 11 بلون أسود يدعم تقنية 4G LTE  وذاكرة 128 جيجابايت ( 2020 - علبة هاتف رفيعة) - المواصفات العالمية …
262,نوكيا,415.0,جنيه ,485,14,noon-express,4.6,yes,نوكيا موبايل 105 بشريحتين لون أسود بذاكرة داخلية سعة 4 ميجابايت يدعم تقنية 2G …
263,سامسونج,6499.0,جنيه ,6800,0,noon-express,4.8,yes,سامسونج هاتف جالاكسي A23 ثنائي الشريحة بذاكرة رام 6 جيجابايت وذاكرة داخلية سعة 128 جيجابايت ويدعم تقنية LTE - إصدار الشرق الأوسط، لون أسود …
264,أبل,21240.0,جنيه ,0,0,noon-express,4.7,yes,أبل هاتف آيفون 13 بذاكرة داخلية 128 جيجابايت ويدعم تقنية 5G مع تطبيق فيس تايم بلون ميدنايت- النسخة العالمية …
265,شاومي,6299.0,جنيه ,0,0,noon-express,4.6,no,شاومي هاتف ريدمي نوت 11 بذاكرة رام سعة 6 جيجابايت وذاكرة داخلية سعة 128 جيجابايت ويدعم تقنية LTE، لون رمادي داكن …
266,أوبو,9798.0,جنيه ,0,0,noon-express,4.3,yes,أوبو Reno 7 Black Dual Sim 8GB RAM 256GB 4G LTE …
267,ريل مي,3899.0,جنيه ,0,0,noon-express,4.6,yes,ريل مي هاتف C21Y ثنائي الشريحة بذاكرة رام سعة 4 جيجابايت وذاكرة داخلية سعة 64 جيجابايت ويدعم تقنية 4G LTE وبلون أسود بنمط متقاطع - إصدار الشرق الأوسط …
268,أوبو,7990.0,جنيه ,0,0,noon-express,5.0,no,أوبو A96 Dual SIM Sunset Blue 8GB RAM 256GB 4G LTE - International Version …
269,أوبو,6500.0,جنيه ,0,0,noon-express,,no,أوبو A76 Dual SIM Glwing Black 6GB RAM 128GB 4G LTE - International Version …
270,إيتيل,334.0,جنيه ,0,0,noon-express,4.0,yes,إيتيل هاتف آيتل 2160 بشريحتين لون أسود سعة 4 ميجابايت يدعم خدمة 2G …
271,أبل,21199.0,جنيه ,0,0,noon-express,4.8,yes,أبل هاتف آيفون 13 بذاكرة داخلية سعة 128 جيجابايت يدعم تقنية 5G مع تطبيق فيس تايم بلون أزرق - النسخة العالمية …
272,سامسونج,7975.0,جنيه ,8999,11,noon-express,,yes,سامسونج Galaxy A33 Dual SIM 8GB RAM 128GB 5G Awesome Black …
273,أوبو,5999.0,جنيه ,6499,7,noon-express,4.5,no,أوبو هاتف A55 ثنائي الشريحة بذاكرة رام سعة 4 جيجابايت وذاكرة داخلية سعة 128 جيجابايت ويدعم تقنية 4G LTE، لون أسود لامع …
274,أبل,31499.0,جنيه ,0,0,noon-express,4.8,no,أبل هاتف آيفون 13 برو ماكس مع تطبيق فيس تايم بذاكرة داخلية 256 جيجابايت وتقنية 5G بلون أزرق سييرا - إصدار الولايات المتحدة الأمريكية …
275,أبل,15750.0,جنيه ,0,0,noon-express,4.6,no,أبل آيفون 11 مع فيس تايم بلون أسود وذاكرة 128 جيجابايت ويدعم تقنية 4G LTE - بالمواصفات العالمية …
276,أبل,30990.0,جنيه ,0,0,noon-express,4.7,no,أبل iPhone 13 Pro Max 256GB Graphite 5G With Facetime - International Specs …
277,سامسونج,13500.0,جنيه ,0,0,noon-express,5.0,no,سامسونج هاتف جالاكسي A73 ثنائي الشريحة بذاكرة رام 8 جيجابايت وذاكرة داخلية 256 جيجابايت ويدعم تقنية 5G بلون أبيض أوسوم - إصدار الشرق الأوسط …
278,سامسونج,26250.0,جنيه ,34999,24,noon-express,4.8,no,سامسونج هاتف جالاكسي S22 ألترا ثنائي الشريحة بذاكرة رام سعة 12 جيجابايت وذاكرة داخلية سعة 256 جيجابايت ويدعم تقنية 5G، لون أسود فانتوم - إصدار الشرق الأوسط …
279,نوكيا,4990.0,جنيه ,0,0,noon-express,4.9,no,نوكيا T20 10.4 Inch Ocean Blue 4GB RAM 64GB 4G LTE-Middle East Version …
280,أوبو,6080.0,جنيه ,0,0,noon-express,,no,أوبو A77 Dual SIM 4GB RAM 128GB 4G Sky Blue- Middle East Version …
281,أوبو,4899.0,جنيه ,0,0,noon-express,4.5,no,أوبو A16 Dual SIM Crystal Black 4GB RAM 64GB 4G -Middle East Version …
282,أوبو,7710.0,جنيه ,8999,14,noon-express,5.0,no,أوبو A96 Dual SIM 256GB 8GB Ram 4G LTE Blue …
283,سامسونج,22999.0,جنيه ,0,0,noon-express,4.7,no,سامسونج هاتف جالاكسي نوت 20 ألترا ثنائي الشريحة وذاكرة رام بسعة 12 جيجابايت وذاكرة داخلية بسعة 256 جيجابايت ويدعم تقنية 5G - لون برونزي داكن …
284,شاومي,11200.0,جنيه ,0,0,noon-express,4.5,no,شاومي هاتف 11T ثنائي الشريحة بذاكرة رام 8 جيجابايت وذاكرة داخلية 256 جيجابايت ويدعم تقنية 5G، بلون رمادي ميتيورايت - إصدار العالمي …
285,أبل,20840.0,جنيه ,27228,23,noon-express,4.8,yes,أبل هاتف آيفون 13 بذاكرة داخلية سعة 128 جيجابايت يدعم تقنية 5G مع تطبيق فيس تايم بلون وردي - النسخة العالمية …
286,شاومي,11225.0,جنيه ,0,0,noon-express,4.8,yes,شاومي Redmi Note 11 Pro Plus 5G Dual SIM Graphite Gray 8GB RAM 256GB - Global Version …
287,أبل,21499.0,جنيه ,0,0,noon-express,4.9,no,أبل آيفون 13 سعة 128 جيجابايت يدعم تقنية 5G مع فيس تايم بلون سماء الليل - نسخة المملكة العربية السعودية …
288,فيفو,5385.0,جنيه ,0,0,noon-express,,no,"فيفو Y33a Internal Memory 128 GB ,4 GB Ram ,6.58 inches -Midday Dream …"
289,سامسونج,20799.0,جنيه ,25000,16,noon-express,4.9,no,سامسونج هاتف جالاكسي نوت 20 ألترا ثنائي الشريحة بذاكرة رام سعة 8 جيجابايت وسعة تخزين داخلية 256 جيجابايت يدعم تقنية 4G LTE - إصدار عالمي - بلون أسود داكن …
290,أوبو,9820.0,جنيه ,0,0,noon-express,,yes,أوبو Reno 7 Orange Dual Sim 8GB RAM 256GB 4G LTE …
291,شاومي,7333.0,جنيه ,7535,0,noon-express,5.0,no,شاومي هاتف ريدمي نوت 11s ثنائي الشريحة بذاكرة رام سعة 6 جيجابايت وذاكرة داخلية سعة 128 جيجابايت ويدعم تقنية 4G LTE، لون رمادي جرافيتي - إصدار عالمي …
292,سامسونج,6942.0,جنيه ,0,0,noon-express,4.7,no,سامسونج هاتف جالاكسي A32 ثنائي الشريحة بلون أسود أوسوم وذاكرة رام 6 جيجابايت وذاكرة داخلية 128 جيجابايت يدعم تقنية 4G LTE - إصدار الشرق الأوسط …
293,شاومي,4840.0,جنيه ,5249,7,noon-express,4.3,no,شاومي هاتف ريدمي 10C ثنائي الشريحة، لون رصاصي داكن، ذاكرة رام سعة 4 جيجابايت، ذاكرة داخلية سعة 128 جيجابايت، تقنية 4G LTE - إصدار عالمي …
294,سامسونج,6220.0,جنيه ,0,0,noon-express,,yes,سامسونج هاتف جالاكسي A23 ثنائي الشريحة بذاكرة رام 6 جيجابايت وذاكرة داخلية 128 جيجابايت ويدعم تقنية LTE بلون خوخي - إصدار الشرق الأوسط …
295,سامسونج,18700.0,جنيه ,19550,0,noon-express,4.3,no,سامسونج هاتف جالاكسي Z فليب 3 بشريحة واحدة وذاكرة رام سعة 8 جيجابايت وذاكرة داخلية سعة 256 جيجابايت ويدعم تقنية 5G، لون أسود فانتوم - إصدار عالمي …
296,شاومي,6666.0,جنيه ,8050,17,noon-express,4.2,no,شاومي هاتف ريدمي نوت 11 ثنائي الشريحة بذاكرة رام سعة 6 جيجابايت وذاكرة داخلية سعة 128 جيجابايت ويدعم تقنية 4G LTE - إصدار عالمي، لون أزرق تويلايت …
297,أبل,17100.0,جنيه ,18379,6,noon-express,,no,أبل آيفون Xs  ماكس مع فيس تايم سعة 512 جيجابايت يدعم تقنية 4G LTE رمادي فلكي …
298,أوبو,5399.0,جنيه ,0,0,noon-express,4.7,no,أوبو A54 Dual SIM Starry Blue 4GB RAM 128GB 4G LTE …
299,شاومي,5599.0,جنيه ,0,0,noon-express,4.6,no,شاومي Redmi 10 2022 Dual SIM Carbon Gray 4GB RAM 128GB - Global Version …
300,ريل مي,2914.0,جنيه ,4400,33,noon-express,4.5,yes,ريل مي C11 (2021) Dual SIM Cool Blue 2GB RAM 32GB 4G LTE - Middle East Version …
301,سامسونج,2999.0,جنيه ,3199,6,noon-express,4.6,yes,سامسونج Galaxy A03 Core Dual SIM Onyx Black 2GB RAM 32GB LTE - Middle East Version …
302,شاومي,3020.0,جنيه ,3444,12,noon-express,4.6,yes,شاومي هاتف ريدمي 9A ثنائي الشريحة بذاكرة داخلية 32 جيجابايت وذاكرة رام 2 جيجابايت ويدعم تقنية 4G LTE، لون أزرق …
303,شاومي,3010.0,جنيه ,3444,12,noon-express,4.5,yes,شاومي هاتف ريدمي 9A ثنائي الشريحة بذاكرة رام سعة 2 جيجابايت وذاكرة داخلية سعة 32 جيجابايت ويدعم تقنية 4G LTE، لون رمادي جرانيت …
304,سامسونج,3090.0,جنيه ,0,0,noon-express,4.5,no,سامسونج Galaxy A03 Core Dual SIM Bronze 2GB RAM 32GB LTE - Middle East Version …
305,إنفينيكس,3555.0,جنيه ,0,0,noon-express,5.0,no,إنفينيكس هاتف سمارت 6 ثنائي الشريحة بذاكرة رام سعة 3 جيجابايت وذاكرة داخلية سعة 64 جيجابايت ويدعم تقنية 4G LTE، لون أسود ميدنايت …
306,إنفينيكس,3698.0,جنيه ,0,0,noon-express,4.3,no,إنفينيكس Smart 6 Dual SIM 3GB RAM 64GB 4G LTE Heart Of Ocean/Ocean Wave …
307,إنفينيكس,3939.0,جنيه ,0,0,noon-express,4.9,no,إنفينيكس هاتف هوت 11 بلاي ثنائي الشريحة بذاكرة رام سعة 4 جيجابايت وذاكرة داخلية سعة 64 جيجابايت ويدعم تقنية 4G LTE بلون ذهبي صن سيت …
308,إنفينيكس,3939.0,جنيه ,0,0,noon-express,5.0,no,إنفينيكس هاتف هوت 11 بلاي ثنائي الشريحة بذاكرة رام سعة 4 جيجابايت وذاكرة داخلية سعة 64 جيجابايت ويدعم تقنية 4G LTE بلون أخضر هيز …
309,شاومي,6599.0,جنيه ,7210,8,noon-express,4.5,yes,شاومي Redmi Note 11 Pro 4G Dual Sim Star Blue 6GB RAM 64GB - Global Version …
310,نوكيا,419.0,جنيه ,0,0,noon-express,4.5,yes,نوكيا هاتف 106 ثنائي الشريحة بذاكرة داخلية سعة 4 ميجابايت ويدعم تقنية 2G، لون رمادي داكن …
311,أبل,15750.0,جنيه ,15933,0,noon-express,4.6,yes,أبل آيفون 11 بلون أسود يدعم تقنية 4G LTE  وذاكرة 128 جيجابايت ( 2020 - علبة هاتف رفيعة) - المواصفات العالمية …
312,نوكيا,415.0,جنيه ,485,14,noon-express,4.6,yes,نوكيا موبايل 105 بشريحتين لون أسود بذاكرة داخلية سعة 4 ميجابايت يدعم تقنية 2G …
313,سامسونج,6499.0,جنيه ,6800,0,noon-express,4.8,yes,سامسونج هاتف جالاكسي A23 ثنائي الشريحة بذاكرة رام 6 جيجابايت وذاكرة داخلية سعة 128 جيجابايت ويدعم تقنية LTE - إصدار الشرق الأوسط، لون أسود …
314,أبل,21240.0,جنيه ,0,0,noon-express,4.7,yes,أبل هاتف آيفون 13 بذاكرة داخلية 128 جيجابايت ويدعم تقنية 5G مع تطبيق فيس تايم بلون ميدنايت- النسخة العالمية …
315,شاومي,6299.0,جنيه ,0,0,noon-express,4.6,no,شاومي هاتف ريدمي نوت 11 بذاكرة رام سعة 6 جيجابايت وذاكرة داخلية سعة 128 جيجابايت ويدعم تقنية LTE، لون رمادي داكن …
316,أوبو,9798.0,جنيه ,0,0,noon-express,4.3,yes,أوبو Reno 7 Black Dual Sim 8GB RAM 256GB 4G LTE …
317,ريل مي,3899.0,جنيه ,0,0,noon-express,4.6,yes,ريل مي هاتف C21Y ثنائي الشريحة بذاكرة رام سعة 4 جيجابايت وذاكرة داخلية سعة 64 جيجابايت ويدعم تقنية 4G LTE وبلون أسود بنمط متقاطع - إصدار الشرق الأوسط …
318,أوبو,7990.0,جنيه ,0,0,noon-express,5.0,no,أوبو A96 Dual SIM Sunset Blue 8GB RAM 256GB 4G LTE - International Version …
319,أوبو,6500.0,جنيه ,0,0,noon-express,,no,أوبو A76 Dual SIM Glwing Black 6GB RAM 128GB 4G LTE - International Version …
320,إيتيل,334.0,جنيه ,0,0,noon-express,4.0,yes,إيتيل هاتف آيتل 2160 بشريحتين لون أسود سعة 4 ميجابايت يدعم خدمة 2G …
321,أبل,21199.0,جنيه ,0,0,noon-express,4.8,yes,أبل هاتف آيفون 13 بذاكرة داخلية سعة 128 جيجابايت يدعم تقنية 5G مع تطبيق فيس تايم بلون أزرق - النسخة العالمية …
322,سامسونج,7975.0,جنيه ,8999,11,noon-express,,yes,سامسونج Galaxy A33 Dual SIM 8GB RAM 128GB 5G Awesome Black …
323,أوبو,5999.0,جنيه ,6499,7,noon-express,4.5,no,أوبو هاتف A55 ثنائي الشريحة بذاكرة رام سعة 4 جيجابايت وذاكرة داخلية سعة 128 جيجابايت ويدعم تقنية 4G LTE، لون أسود لامع …
324,أبل,31499.0,جنيه ,0,0,noon-express,4.8,no,أبل هاتف آيفون 13 برو ماكس مع تطبيق فيس تايم بذاكرة داخلية 256 جيجابايت وتقنية 5G بلون أزرق سييرا - إصدار الولايات المتحدة الأمريكية …
325,أبل,15750.0,جنيه ,0,0,noon-express,4.6,no,أبل آيفون 11 مع فيس تايم بلون أسود وذاكرة 128 جيجابايت ويدعم تقنية 4G LTE - بالمواصفات العالمية …
326,أبل,30990.0,جنيه ,0,0,noon-express,4.7,no,أبل iPhone 13 Pro Max 256GB Graphite 5G With Facetime - International Specs …
327,سامسونج,13500.0,جنيه ,0,0,noon-express,5.0,no,سامسونج هاتف جالاكسي A73 ثنائي الشريحة بذاكرة رام 8 جيجابايت وذاكرة داخلية 256 جيجابايت ويدعم تقنية 5G بلون أبيض أوسوم - إصدار الشرق الأوسط …
328,سامسونج,26250.0,جنيه ,34999,24,noon-express,4.8,no,سامسونج هاتف جالاكسي S22 ألترا ثنائي الشريحة بذاكرة رام سعة 12 جيجابايت وذاكرة داخلية سعة 256 جيجابايت ويدعم تقنية 5G، لون أسود فانتوم - إصدار الشرق الأوسط …
329,نوكيا,4990.0,جنيه ,0,0,noon-express,4.9,no,نوكيا T20 10.4 Inch Ocean Blue 4GB RAM 64GB 4G LTE-Middle East Version …
330,أوبو,6080.0,جنيه ,0,0,noon-express,,no,أوبو A77 Dual SIM 4GB RAM 128GB 4G Sky Blue- Middle East Version …
331,أوبو,4899.0,جنيه ,0,0,noon-express,4.5,no,أوبو A16 Dual SIM Crystal Black 4GB RAM 64GB 4G -Middle East Version …
332,أوبو,7710.0,جنيه ,8999,14,noon-express,5.0,no,أوبو A96 Dual SIM 256GB 8GB Ram 4G LTE Blue …
333,سامسونج,22999.0,جنيه ,0,0,noon-express,4.7,no,سامسونج هاتف جالاكسي نوت 20 ألترا ثنائي الشريحة وذاكرة رام بسعة 12 جيجابايت وذاكرة داخلية بسعة 256 جيجابايت ويدعم تقنية 5G - لون برونزي داكن …
334,شاومي,11200.0,جنيه ,0,0,noon-express,4.5,no,شاومي هاتف 11T ثنائي الشريحة بذاكرة رام 8 جيجابايت وذاكرة داخلية 256 جيجابايت ويدعم تقنية 5G، بلون رمادي ميتيورايت - إصدار العالمي …
335,أبل,20840.0,جنيه ,27228,23,noon-express,4.8,yes,أبل هاتف آيفون 13 بذاكرة داخلية سعة 128 جيجابايت يدعم تقنية 5G مع تطبيق فيس تايم بلون وردي - النسخة العالمية …
336,شاومي,11225.0,جنيه ,0,0,noon-express,4.8,yes,شاومي Redmi Note 11 Pro Plus 5G Dual SIM Graphite Gray 8GB RAM 256GB - Global Version …
337,أبل,21499.0,جنيه ,0,0,noon-express,4.9,no,أبل آيفون 13 سعة 128 جيجابايت يدعم تقنية 5G مع فيس تايم بلون سماء الليل - نسخة المملكة العربية السعودية …
338,فيفو,5385.0,جنيه ,0,0,noon-express,,no,"فيفو Y33a Internal Memory 128 GB ,4 GB Ram ,6.58 inches -Midday Dream …"
339,سامسونج,20799.0,جنيه ,25000,16,noon-express,4.9,no,سامسونج هاتف جالاكسي نوت 20 ألترا ثنائي الشريحة بذاكرة رام سعة 8 جيجابايت وسعة تخزين داخلية 256 جيجابايت يدعم تقنية 4G LTE - إصدار عالمي - بلون أسود داكن …
340,أوبو,9820.0,جنيه ,0,0,noon-express,,yes,أوبو Reno 7 Orange Dual Sim 8GB RAM 256GB 4G LTE …
341,شاومي,7333.0,جنيه ,7535,0,noon-express,5.0,no,شاومي هاتف ريدمي نوت 11s ثنائي الشريحة بذاكرة رام سعة 6 جيجابايت وذاكرة داخلية سعة 128 جيجابايت ويدعم تقنية 4G LTE، لون رمادي جرافيتي - إصدار عالمي …
342,سامسونج,6942.0,جنيه ,0,0,noon-express,4.7,no,سامسونج هاتف جالاكسي A32 ثنائي الشريحة بلون أسود أوسوم وذاكرة رام 6 جيجابايت وذاكرة داخلية 128 جيجابايت يدعم تقنية 4G LTE - إصدار الشرق الأوسط …
343,شاومي,4840.0,جنيه ,5249,7,noon-express,4.3,no,شاومي هاتف ريدمي 10C ثنائي الشريحة، لون رصاصي داكن، ذاكرة رام سعة 4 جيجابايت، ذاكرة داخلية سعة 128 جيجابايت، تقنية 4G LTE - إصدار عالمي …
344,سامسونج,6220.0,جنيه ,0,0,noon-express,,yes,سامسونج هاتف جالاكسي A23 ثنائي الشريحة بذاكرة رام 6 جيجابايت وذاكرة داخلية 128 جيجابايت ويدعم تقنية LTE بلون خوخي - إصدار الشرق الأوسط …
345,سامسونج,18700.0,جنيه ,19550,0,noon-express,4.3,no,سامسونج هاتف جالاكسي Z فليب 3 بشريحة واحدة وذاكرة رام سعة 8 جيجابايت وذاكرة داخلية سعة 256 جيجابايت ويدعم تقنية 5G، لون أسود فانتوم - إصدار عالمي …
346,شاومي,6666.0,جنيه ,8050,17,noon-express,4.2,no,شاومي هاتف ريدمي نوت 11 ثنائي الشريحة بذاكرة رام سعة 6 جيجابايت وذاكرة داخلية سعة 128 جيجابايت ويدعم تقنية 4G LTE - إصدار عالمي، لون أزرق تويلايت …
347,أبل,17100.0,جنيه ,18379,6,noon-express,,no,أبل آيفون Xs  ماكس مع فيس تايم سعة 512 جيجابايت يدعم تقنية 4G LTE رمادي فلكي …
348,أوبو,5399.0,جنيه ,0,0,noon-express,4.7,no,أوبو A54 Dual SIM Starry Blue 4GB RAM 128GB 4G LTE …
349,شاومي,5599.0,جنيه ,0,0,noon-express,4.6,no,شاومي Redmi 10 2022 Dual SIM Carbon Gray 4GB RAM 128GB - Global Version …
350,ريل مي,2914.0,جنيه ,4400,33,noon-express,4.5,yes,ريل مي C11 (2021) Dual SIM Cool Blue 2GB RAM 32GB 4G LTE - Middle East Version …
351,سامسونج,2999.0,جنيه ,3199,6,noon-express,4.6,yes,سامسونج Galaxy A03 Core Dual SIM Onyx Black 2GB RAM 32GB LTE - Middle East Version …
352,شاومي,3020.0,جنيه ,3444,12,noon-express,4.6,yes,شاومي هاتف ريدمي 9A ثنائي الشريحة بذاكرة داخلية 32 جيجابايت وذاكرة رام 2 جيجابايت ويدعم تقنية 4G LTE، لون أزرق …
353,شاومي,3010.0,جنيه ,3444,12,noon-express,4.5,yes,شاومي هاتف ريدمي 9A ثنائي الشريحة بذاكرة رام سعة 2 جيجابايت وذاكرة داخلية سعة 32 جيجابايت ويدعم تقنية 4G LTE، لون رمادي جرانيت …
354,سامسونج,3090.0,جنيه ,0,0,noon-express,4.5,no,سامسونج Galaxy A03 Core Dual SIM Bronze 2GB RAM 32GB LTE - Middle East Version …
355,إنفينيكس,3555.0,جنيه ,0,0,noon-express,5.0,no,إنفينيكس هاتف سمارت 6 ثنائي الشريحة بذاكرة رام سعة 3 جيجابايت وذاكرة داخلية سعة 64 جيجابايت ويدعم تقنية 4G LTE، لون أسود ميدنايت …
356,إنفينيكس,3698.0,جنيه ,0,0,noon-express,4.3,no,إنفينيكس Smart 6 Dual SIM 3GB RAM 64GB 4G LTE Heart Of Ocean/Ocean Wave …
357,إنفينيكس,3939.0,جنيه ,0,0,noon-express,4.9,no,إنفينيكس هاتف هوت 11 بلاي ثنائي الشريحة بذاكرة رام سعة 4 جيجابايت وذاكرة داخلية سعة 64 جيجابايت ويدعم تقنية 4G LTE بلون ذهبي صن سيت …
358,إنفينيكس,3939.0,جنيه ,0,0,noon-express,5.0,no,إنفينيكس هاتف هوت 11 بلاي ثنائي الشريحة بذاكرة رام سعة 4 جيجابايت وذاكرة داخلية سعة 64 جيجابايت ويدعم تقنية 4G LTE بلون أخضر هيز …
359,شاومي,6599.0,جنيه ,7210,8,noon-express,4.5,yes,شاومي Redmi Note 11 Pro 4G Dual Sim Star Blue 6GB RAM 64GB - Global Version …
360,نوكيا,419.0,جنيه ,0,0,noon-express,4.5,yes,نوكيا هاتف 106 ثنائي الشريحة بذاكرة داخلية سعة 4 ميجابايت ويدعم تقنية 2G، لون رمادي داكن …
361,أبل,15750.0,جنيه ,15933,0,noon-express,4.6,yes,أبل آيفون 11 بلون أسود يدعم تقنية 4G LTE  وذاكرة 128 جيجابايت ( 2020 - علبة هاتف رفيعة) - المواصفات العالمية …
362,نوكيا,415.0,جنيه ,485,14,noon-express,4.6,yes,نوكيا موبايل 105 بشريحتين لون أسود بذاكرة داخلية سعة 4 ميجابايت يدعم تقنية 2G …
363,سامسونج,6499.0,جنيه ,6800,0,noon-express,4.8,yes,سامسونج هاتف جالاكسي A23 ثنائي الشريحة بذاكرة رام 6 جيجابايت وذاكرة داخلية سعة 128 جيجابايت ويدعم تقنية LTE - إصدار الشرق الأوسط، لون أسود …
364,أبل,21240.0,جنيه ,0,0,noon-express,4.7,yes,أبل هاتف آيفون 13 بذاكرة داخلية 128 جيجابايت ويدعم تقنية 5G مع تطبيق فيس تايم بلون ميدنايت- النسخة العالمية …
365,شاومي,6299.0,جنيه ,0,0,noon-express,4.6,no,شاومي هاتف ريدمي نوت 11 بذاكرة رام سعة 6 جيجابايت وذاكرة داخلية سعة 128 جيجابايت ويدعم تقنية LTE، لون رمادي داكن …
366,أوبو,9798.0,جنيه ,0,0,noon-express,4.3,yes,أوبو Reno 7 Black Dual Sim 8GB RAM 256GB 4G LTE …
367,ريل مي,3899.0,جنيه ,0,0,noon-express,4.6,yes,ريل مي هاتف C21Y ثنائي الشريحة بذاكرة رام سعة 4 جيجابايت وذاكرة داخلية سعة 64 جيجابايت ويدعم تقنية 4G LTE وبلون أسود بنمط متقاطع - إصدار الشرق الأوسط …
368,أوبو,7990.0,جنيه ,0,0,noon-express,5.0,no,أوبو A96 Dual SIM Sunset Blue 8GB RAM 256GB 4G LTE - International Version …
369,أوبو,6500.0,جنيه ,0,0,noon-express,,no,أوبو A76 Dual SIM Glwing Black 6GB RAM 128GB 4G LTE - International Version …
370,إيتيل,334.0,جنيه ,0,0,noon-express,4.0,yes,إيتيل هاتف آيتل 2160 بشريحتين لون أسود سعة 4 ميجابايت يدعم خدمة 2G …
371,أبل,21199.0,جنيه ,0,0,noon-express,4.8,yes,أبل هاتف آيفون 13 بذاكرة داخلية سعة 128 جيجابايت يدعم تقنية 5G مع تطبيق فيس تايم بلون أزرق - النسخة العالمية …
372,سامسونج,7975.0,جنيه ,8999,11,noon-express,,yes,سامسونج Galaxy A33 Dual SIM 8GB RAM 128GB 5G Awesome Black …
373,أوبو,5999.0,جنيه ,6499,7,noon-express,4.5,no,أوبو هاتف A55 ثنائي الشريحة بذاكرة رام سعة 4 جيجابايت وذاكرة داخلية سعة 128 جيجابايت ويدعم تقنية 4G LTE، لون أسود لامع …
374,أبل,31499.0,جنيه ,0,0,noon-express,4.8,no,أبل هاتف آيفون 13 برو ماكس مع تطبيق فيس تايم بذاكرة داخلية 256 جيجابايت وتقنية 5G بلون أزرق سييرا - إصدار الولايات المتحدة الأمريكية …
375,أبل,15750.0,جنيه ,0,0,noon-express,4.6,no,أبل آيفون 11 مع فيس تايم بلون أسود وذاكرة 128 جيجابايت ويدعم تقنية 4G LTE - بالمواصفات العالمية …
376,أبل,30990.0,جنيه ,0,0,noon-express,4.7,no,أبل iPhone 13 Pro Max 256GB Graphite 5G With Facetime - International Specs …
377,سامسونج,13500.0,جنيه ,0,0,noon-express,5.0,no,سامسونج هاتف جالاكسي A73 ثنائي الشريحة بذاكرة رام 8 جيجابايت وذاكرة داخلية 256 جيجابايت ويدعم تقنية 5G بلون أبيض أوسوم - إصدار الشرق الأوسط …
378,سامسونج,26250.0,جنيه ,34999,24,noon-express,4.8,no,سامسونج هاتف جالاكسي S22 ألترا ثنائي الشريحة بذاكرة رام سعة 12 جيجابايت وذاكرة داخلية سعة 256 جيجابايت ويدعم تقنية 5G، لون أسود فانتوم - إصدار الشرق الأوسط …
379,نوكيا,4990.0,جنيه ,0,0,noon-express,4.9,no,نوكيا T20 10.4 Inch Ocean Blue 4GB RAM 64GB 4G LTE-Middle East Version …
380,أوبو,6080.0,جنيه ,0,0,noon-express,,no,أوبو A77 Dual SIM 4GB RAM 128GB 4G Sky Blue- Middle East Version …
381,أوبو,4899.0,جنيه ,0,0,noon-express,4.5,no,أوبو A16 Dual SIM Crystal Black 4GB RAM 64GB 4G -Middle East Version …
382,أوبو,7710.0,جنيه ,8999,14,noon-express,5.0,no,أوبو A96 Dual SIM 256GB 8GB Ram 4G LTE Blue …
383,سامسونج,22999.0,جنيه ,0,0,noon-express,4.7,no,سامسونج هاتف جالاكسي نوت 20 ألترا ثنائي الشريحة وذاكرة رام بسعة 12 جيجابايت وذاكرة داخلية بسعة 256 جيجابايت ويدعم تقنية 5G - لون برونزي داكن …
384,شاومي,11200.0,جنيه ,0,0,noon-express,4.5,no,شاومي هاتف 11T ثنائي الشريحة بذاكرة رام 8 جيجابايت وذاكرة داخلية 256 جيجابايت ويدعم تقنية 5G، بلون رمادي ميتيورايت - إصدار العالمي …
385,أبل,20840.0,جنيه ,27228,23,noon-express,4.8,yes,أبل هاتف آيفون 13 بذاكرة داخلية سعة 128 جيجابايت يدعم تقنية 5G مع تطبيق فيس تايم بلون وردي - النسخة العالمية …
386,شاومي,11225.0,جنيه ,0,0,noon-express,4.8,yes,شاومي Redmi Note 11 Pro Plus 5G Dual SIM Graphite Gray 8GB RAM 256GB - Global Version …
387,أبل,21499.0,جنيه ,0,0,noon-express,4.9,no,أبل آيفون 13 سعة 128 جيجابايت يدعم تقنية 5G مع فيس تايم بلون سماء الليل - نسخة المملكة العربية السعودية …
388,فيفو,5385.0,جنيه ,0,0,noon-express,,no,"فيفو Y33a Internal Memory 128 GB ,4 GB Ram ,6.58 inches -Midday Dream …"
389,سامسونج,20799.0,جنيه ,25000,16,noon-express,4.9,no,سامسونج هاتف جالاكسي نوت 20 ألترا ثنائي الشريحة بذاكرة رام سعة 8 جيجابايت وسعة تخزين داخلية 256 جيجابايت يدعم تقنية 4G LTE - إصدار عالمي - بلون أسود داكن …
390,أوبو,9820.0,جنيه ,0,0,noon-express,,yes,أوبو Reno 7 Orange Dual Sim 8GB RAM 256GB 4G LTE …
391,شاومي,7333.0,جنيه ,7535,0,noon-express,5.0,no,شاومي هاتف ريدمي نوت 11s ثنائي الشريحة بذاكرة رام سعة 6 جيجابايت وذاكرة داخلية سعة 128 جيجابايت ويدعم تقنية 4G LTE، لون رمادي جرافيتي - إصدار عالمي …
392,سامسونج,6942.0,جنيه ,0,0,noon-express,4.7,no,سامسونج هاتف جالاكسي A32 ثنائي الشريحة بلون أسود أوسوم وذاكرة رام 6 جيجابايت وذاكرة داخلية 128 جيجابايت يدعم تقنية 4G LTE - إصدار الشرق الأوسط …
393,شاومي,4840.0,جنيه ,5249,7,noon-express,4.3,no,شاومي هاتف ريدمي 10C ثنائي الشريحة، لون رصاصي داكن، ذاكرة رام سعة 4 جيجابايت، ذاكرة داخلية سعة 128 جيجابايت، تقنية 4G LTE - إصدار عالمي …
394,سامسونج,6220.0,جنيه ,0,0,noon-express,,yes,سامسونج هاتف جالاكسي A23 ثنائي الشريحة بذاكرة رام 6 جيجابايت وذاكرة داخلية 128 جيجابايت ويدعم تقنية LTE بلون خوخي - إصدار الشرق الأوسط …
395,سامسونج,18700.0,جنيه ,19550,0,noon-express,4.3,no,سامسونج هاتف جالاكسي Z فليب 3 بشريحة واحدة وذاكرة رام سعة 8 جيجابايت وذاكرة داخلية سعة 256 جيجابايت ويدعم تقنية 5G، لون أسود فانتوم - إصدار عالمي …
396,شاومي,6666.0,جنيه ,8050,17,noon-express,4.2,no,شاومي هاتف ريدمي نوت 11 ثنائي الشريحة بذاكرة رام سعة 6 جيجابايت وذاكرة داخلية سعة 128 جيجابايت ويدعم تقنية 4G LTE - إصدار عالمي، لون أزرق تويلايت …
397,أبل,17100.0,جنيه ,18379,6,noon-express,,no,أبل آيفون Xs  ماكس مع فيس تايم سعة 512 جيجابايت يدعم تقنية 4G LTE رمادي فلكي …
398,أوبو,5399.0,جنيه ,0,0,noon-express,4.7,no,أوبو A54 Dual SIM Starry Blue 4GB RAM 128GB 4G LTE …
399,شاومي,5599.0,جنيه ,0,0,noon-express,4.6,no,شاومي Redmi 10 2022 Dual SIM Carbon Gray 4GB RAM 128GB - Global Version …
400,ريل مي,2914.0,جنيه ,4400,33,noon-express,4.5,yes,ريل مي C11 (2021) Dual SIM Cool Blue 2GB RAM 32GB 4G LTE - Middle East Version …
401,سامسونج,2999.0,جنيه ,3199,6,noon-express,4.6,yes,سامسونج Galaxy A03 Core Dual SIM Onyx Black 2GB RAM 32GB LTE - Middle East Version …
402,شاومي,3020.0,جنيه ,3444,12,noon-express,4.6,yes,شاومي هاتف ريدمي 9A ثنائي الشريحة بذاكرة داخلية 32 جيجابايت وذاكرة رام 2 جيجابايت ويدعم تقنية 4G LTE، لون أزرق …
403,شاومي,3010.0,جنيه ,3444,12,noon-express,4.5,yes,شاومي هاتف ريدمي 9A ثنائي الشريحة بذاكرة رام سعة 2 جيجابايت وذاكرة داخلية سعة 32 جيجابايت ويدعم تقنية 4G LTE، لون رمادي جرانيت …
404,سامسونج,3090.0,جنيه ,0,0,noon-express,4.5,no,سامسونج Galaxy A03 Core Dual SIM Bronze 2GB RAM 32GB LTE - Middle East Version …
405,إنفينيكس,3555.0,جنيه ,0,0,noon-express,5.0,no,إنفينيكس هاتف سمارت 6 ثنائي الشريحة بذاكرة رام سعة 3 جيجابايت وذاكرة داخلية سعة 64 جيجابايت ويدعم تقنية 4G LTE، لون أسود ميدنايت …
406,إنفينيكس,3698.0,جنيه ,0,0,noon-express,4.3,no,إنفينيكس Smart 6 Dual SIM 3GB RAM 64GB 4G LTE Heart Of Ocean/Ocean Wave …
407,إنفينيكس,3939.0,جنيه ,0,0,noon-express,4.9,no,إنفينيكس هاتف هوت 11 بلاي ثنائي الشريحة بذاكرة رام سعة 4 جيجابايت وذاكرة داخلية سعة 64 جيجابايت ويدعم تقنية 4G LTE بلون ذهبي صن سيت …
408,إنفينيكس,3939.0,جنيه ,0,0,noon-express,5.0,no,إنفينيكس هاتف هوت 11 بلاي ثنائي الشريحة بذاكرة رام سعة 4 جيجابايت وذاكرة داخلية سعة 64 جيجابايت ويدعم تقنية 4G LTE بلون أخضر هيز …
409,شاومي,6599.0,جنيه ,7210,8,noon-express,4.5,yes,شاومي Redmi Note 11 Pro 4G Dual Sim Star Blue 6GB RAM 64GB - Global Version …
410,نوكيا,419.0,جنيه ,0,0,noon-express,4.5,yes,نوكيا هاتف 106 ثنائي الشريحة بذاكرة داخلية سعة 4 ميجابايت ويدعم تقنية 2G، لون رمادي داكن …
411,أبل,15750.0,جنيه ,15933,0,noon-express,4.6,yes,أبل آيفون 11 بلون أسود يدعم تقنية 4G LTE  وذاكرة 128 جيجابايت ( 2020 - علبة هاتف رفيعة) - المواصفات العالمية …
412,نوكيا,415.0,جنيه ,485,14,noon-express,4.6,yes,نوكيا موبايل 105 بشريحتين لون أسود بذاكرة داخلية سعة 4 ميجابايت يدعم تقنية 2G …
413,سامسونج,6499.0,جنيه ,6800,0,noon-express,4.8,yes,سامسونج هاتف جالاكسي A23 ثنائي الشريحة بذاكرة رام 6 جيجابايت وذاكرة داخلية سعة 128 جيجابايت ويدعم تقنية LTE - إصدار الشرق الأوسط، لون أسود …
414,أبل,21240.0,جنيه ,0,0,noon-express,4.7,yes,أبل هاتف آيفون 13 بذاكرة داخلية 128 جيجابايت ويدعم تقنية 5G مع تطبيق فيس تايم بلون ميدنايت- النسخة العالمية …
415,شاومي,6299.0,جنيه ,0,0,noon-express,4.6,no,شاومي هاتف ريدمي نوت 11 بذاكرة رام سعة 6 جيجابايت وذاكرة داخلية سعة 128 جيجابايت ويدعم تقنية LTE، لون رمادي داكن …
416,أوبو,9798.0,جنيه ,0,0,noon-express,4.3,yes,أوبو Reno 7 Black Dual Sim 8GB RAM 256GB 4G LTE …
417,ريل مي,3899.0,جنيه ,0,0,noon-express,4.6,yes,ريل مي هاتف C21Y ثنائي الشريحة بذاكرة رام سعة 4 جيجابايت وذاكرة داخلية سعة 64 جيجابايت ويدعم تقنية 4G LTE وبلون أسود بنمط متقاطع - إصدار الشرق الأوسط …
418,أوبو,7990.0,جنيه ,0,0,noon-express,5.0,no,أوبو A96 Dual SIM Sunset Blue 8GB RAM 256GB 4G LTE - International Version …
419,أوبو,6500.0,جنيه ,0,0,noon-express,,no,أوبو A76 Dual SIM Glwing Black 6GB RAM 128GB 4G LTE - International Version …
420,إيتيل,334.0,جنيه ,0,0,noon-express,4.0,yes,إيتيل هاتف آيتل 2160 بشريحتين لون أسود سعة 4 ميجابايت يدعم خدمة 2G …
421,أبل,21199.0,جنيه ,0,0,noon-express,4.8,yes,أبل هاتف آيفون 13 بذاكرة داخلية سعة 128 جيجابايت يدعم تقنية 5G مع تطبيق فيس تايم بلون أزرق - النسخة العالمية …
422,سامسونج,7975.0,جنيه ,8999,11,noon-express,,yes,سامسونج Galaxy A33 Dual SIM 8GB RAM 128GB 5G Awesome Black …
423,أوبو,5999.0,جنيه ,6499,7,noon-express,4.5,no,أوبو هاتف A55 ثنائي الشريحة بذاكرة رام سعة 4 جيجابايت وذاكرة داخلية سعة 128 جيجابايت ويدعم تقنية 4G LTE، لون أسود لامع …
424,أبل,31499.0,جنيه ,0,0,noon-express,4.8,no,أبل هاتف آيفون 13 برو ماكس مع تطبيق فيس تايم بذاكرة داخلية 256 جيجابايت وتقنية 5G بلون أزرق سييرا - إصدار الولايات المتحدة الأمريكية …
425,أبل,15750.0,جنيه ,0,0,noon-express,4.6,no,أبل آيفون 11 مع فيس تايم بلون أسود وذاكرة 128 جيجابايت ويدعم تقنية 4G LTE - بالمواصفات العالمية …
426,أبل,30990.0,جنيه ,0,0,noon-express,4.7,no,أبل iPhone 13 Pro Max 256GB Graphite 5G With Facetime - International Specs …
427,سامسونج,13500.0,جنيه ,0,0,noon-express,5.0,no,سامسونج هاتف جالاكسي A73 ثنائي الشريحة بذاكرة رام 8 جيجابايت وذاكرة داخلية 256 جيجابايت ويدعم تقنية 5G بلون أبيض أوسوم - إصدار الشرق الأوسط …
428,سامسونج,26250.0,جنيه ,34999,24,noon-express,4.8,no,سامسونج هاتف جالاكسي S22 ألترا ثنائي الشريحة بذاكرة رام سعة 12 جيجابايت وذاكرة داخلية سعة 256 جيجابايت ويدعم تقنية 5G، لون أسود فانتوم - إصدار الشرق الأوسط …
429,نوكيا,4990.0,جنيه ,0,0,noon-express,4.9,no,نوكيا T20 10.4 Inch Ocean Blue 4GB RAM 64GB 4G LTE-Middle East Version …
430,أوبو,6080.0,جنيه ,0,0,noon-express,,no,أوبو A77 Dual SIM 4GB RAM 128GB 4G Sky Blue- Middle East Version …
431,أوبو,4899.0,جنيه ,0,0,noon-express,4.5,no,أوبو A16 Dual SIM Crystal Black 4GB RAM 64GB 4G -Middle East Version …
432,أوبو,7710.0,جنيه ,8999,14,noon-express,5.0,no,أوبو A96 Dual SIM 256GB 8GB Ram 4G LTE Blue …
433,سامسونج,22999.0,جنيه ,0,0,noon-express,4.7,no,سامسونج هاتف جالاكسي نوت 20 ألترا ثنائي الشريحة وذاكرة رام بسعة 12 جيجابايت وذاكرة داخلية بسعة 256 جيجابايت ويدعم تقنية 5G - لون برونزي داكن …
434,شاومي,11200.0,جنيه ,0,0,noon-express,4.5,no,شاومي هاتف 11T ثنائي الشريحة بذاكرة رام 8 جيجابايت وذاكرة داخلية 256 جيجابايت ويدعم تقنية 5G، بلون رمادي ميتيورايت - إصدار العالمي …
435,أبل,20840.0,جنيه ,27228,23,noon-express,4.8,yes,أبل هاتف آيفون 13 بذاكرة داخلية سعة 128 جيجابايت يدعم تقنية 5G مع تطبيق فيس تايم بلون وردي - النسخة العالمية …
436,شاومي,11225.0,جنيه ,0,0,noon-express,4.8,yes,شاومي Redmi Note 11 Pro Plus 5G Dual SIM Graphite Gray 8GB RAM 256GB - Global Version …
437,أبل,21499.0,جنيه ,0,0,noon-express,4.9,no,أبل آيفون 13 سعة 128 جيجابايت يدعم تقنية 5G مع فيس تايم بلون سماء الليل - نسخة المملكة العربية السعودية …
438,فيفو,5385.0,جنيه ,0,0,noon-express,,no,"فيفو Y33a Internal Memory 128 GB ,4 GB Ram ,6.58 inches -Midday Dream …"
439,سامسونج,20799.0,جنيه ,25000,16,noon-express,4.9,no,سامسونج هاتف جالاكسي نوت 20 ألترا ثنائي الشريحة بذاكرة رام سعة 8 جيجابايت وسعة تخزين داخلية 256 جيجابايت يدعم تقنية 4G LTE - إصدار عالمي - بلون أسود داكن …
440,أوبو,9820.0,جنيه ,0,0,noon-express,,yes,أوبو Reno 7 Orange Dual Sim 8GB RAM 256GB 4G LTE …
441,شاومي,7333.0,جنيه ,7535,0,noon-express,5.0,no,شاومي هاتف ريدمي نوت 11s ثنائي الشريحة بذاكرة رام سعة 6 جيجابايت وذاكرة داخلية سعة 128 جيجابايت ويدعم تقنية 4G LTE، لون رمادي جرافيتي - إصدار عالمي …
442,سامسونج,6942.0,جنيه ,0,0,noon-express,4.7,no,سامسونج هاتف جالاكسي A32 ثنائي الشريحة بلون أسود أوسوم وذاكرة رام 6 جيجابايت وذاكرة داخلية 128 جيجابايت يدعم تقنية 4G LTE - إصدار الشرق الأوسط …
443,شاومي,4840.0,جنيه ,5249,7,noon-express,4.3,no,شاومي هاتف ريدمي 10C ثنائي الشريحة، لون رصاصي داكن، ذاكرة رام سعة 4 جيجابايت، ذاكرة داخلية سعة 128 جيجابايت، تقنية 4G LTE - إصدار عالمي …
444,سامسونج,6220.0,جنيه ,0,0,noon-express,,yes,سامسونج هاتف جالاكسي A23 ثنائي الشريحة بذاكرة رام 6 جيجابايت وذاكرة داخلية 128 جيجابايت ويدعم تقنية LTE بلون خوخي - إصدار الشرق الأوسط …
445,سامسونج,18700.0,جنيه ,19550,0,noon-express,4.3,no,سامسونج هاتف جالاكسي Z فليب 3 بشريحة واحدة وذاكرة رام سعة 8 جيجابايت وذاكرة داخلية سعة 256 جيجابايت ويدعم تقنية 5G، لون أسود فانتوم - إصدار عالمي …
446,شاومي,6666.0,جنيه ,8050,17,noon-express,4.2,no,شاومي هاتف ريدمي نوت 11 ثنائي الشريحة بذاكرة رام سعة 6 جيجابايت وذاكرة داخلية سعة 128 جيجابايت ويدعم تقنية 4G LTE - إصدار عالمي، لون أزرق تويلايت …
447,أبل,17100.0,جنيه ,18379,6,noon-express,,no,أبل آيفون Xs  ماكس مع فيس تايم سعة 512 جيجابايت يدعم تقنية 4G LTE رمادي فلكي …
448,أوبو,5399.0,جنيه ,0,0,noon-express,4.7,no,أوبو A54 Dual SIM Starry Blue 4GB RAM 128GB 4G LTE …
449,شاومي,5599.0,جنيه ,0,0,noon-express,4.6,no,شاومي Redmi 10 2022 Dual SIM Carbon Gray 4GB RAM 128GB - Global Version …
450,ريل مي,2914.0,جنيه ,4400,33,noon-express,4.5,yes,ريل مي C11 (2021) Dual SIM Cool Blue 2GB RAM 32GB 4G LTE - Middle East Version …
451,سامسونج,2999.0,جنيه ,3199,6,noon-express,4.6,yes,سامسونج Galaxy A03 Core Dual SIM Onyx Black 2GB RAM 32GB LTE - Middle East Version …
452,شاومي,3020.0,جنيه ,3444,12,noon-express,4.6,yes,شاومي هاتف ريدمي 9A ثنائي الشريحة بذاكرة داخلية 32 جيجابايت وذاكرة رام 2 جيجابايت ويدعم تقنية 4G LTE، لون أزرق …
453,شاومي,3010.0,جنيه ,3444,12,noon-express,4.5,yes,شاومي هاتف ريدمي 9A ثنائي الشريحة بذاكرة رام سعة 2 جيجابايت وذاكرة داخلية سعة 32 جيجابايت ويدعم تقنية 4G LTE، لون رمادي جرانيت …
454,سامسونج,3090.0,جنيه ,0,0,noon-express,4.5,no,سامسونج Galaxy A03 Core Dual SIM Bronze 2GB RAM 32GB LTE - Middle East Version …
455,إنفينيكس,3555.0,جنيه ,0,0,noon-express,5.0,no,إنفينيكس هاتف سمارت 6 ثنائي الشريحة بذاكرة رام سعة 3 جيجابايت وذاكرة داخلية سعة 64 جيجابايت ويدعم تقنية 4G LTE، لون أسود ميدنايت …
456,إنفينيكس,3698.0,جنيه ,0,0,noon-express,4.3,no,إنفينيكس Smart 6 Dual SIM 3GB RAM 64GB 4G LTE Heart Of Ocean/Ocean Wave …
457,إنفينيكس,3939.0,جنيه ,0,0,noon-express,4.9,no,إنفينيكس هاتف هوت 11 بلاي ثنائي الشريحة بذاكرة رام سعة 4 جيجابايت وذاكرة داخلية سعة 64 جيجابايت ويدعم تقنية 4G LTE بلون ذهبي صن سيت …
458,إنفينيكس,3939.0,جنيه ,0,0,noon-express,5.0,no,إنفينيكس هاتف هوت 11 بلاي ثنائي الشريحة بذاكرة رام سعة 4 جيجابايت وذاكرة داخلية سعة 64 جيجابايت ويدعم تقنية 4G LTE بلون أخضر هيز …
459,شاومي,6599.0,جنيه ,7210,8,noon-express,4.5,yes,شاومي Redmi Note 11 Pro 4G Dual Sim Star Blue 6GB RAM 64GB - Global Version …
460,نوكيا,419.0,جنيه ,0,0,noon-express,4.5,yes,نوكيا هاتف 106 ثنائي الشريحة بذاكرة داخلية سعة 4 ميجابايت ويدعم تقنية 2G، لون رمادي داكن …
461,أبل,15750.0,جنيه ,15933,0,noon-express,4.6,yes,أبل آيفون 11 بلون أسود يدعم تقنية 4G LTE  وذاكرة 128 جيجابايت ( 2020 - علبة هاتف رفيعة) - المواصفات العالمية …
462,نوكيا,415.0,جنيه ,485,14,noon-express,4.6,yes,نوكيا موبايل 105 بشريحتين لون أسود بذاكرة داخلية سعة 4 ميجابايت يدعم تقنية 2G …
463,سامسونج,6499.0,جنيه ,6800,0,noon-express,4.8,yes,سامسونج هاتف جالاكسي A23 ثنائي الشريحة بذاكرة رام 6 جيجابايت وذاكرة داخلية سعة 128 جيجابايت ويدعم تقنية LTE - إصدار الشرق الأوسط، لون أسود …
464,أبل,21240.0,جنيه ,0,0,noon-express,4.7,yes,أبل هاتف آيفون 13 بذاكرة داخلية 128 جيجابايت ويدعم تقنية 5G مع تطبيق فيس تايم بلون ميدنايت- النسخة العالمية …
465,شاومي,6299.0,جنيه ,0,0,noon-express,4.6,no,شاومي هاتف ريدمي نوت 11 بذاكرة رام سعة 6 جيجابايت وذاكرة داخلية سعة 128 جيجابايت ويدعم تقنية LTE، لون رمادي داكن …
466,أوبو,9798.0,جنيه ,0,0,noon-express,4.3,yes,أوبو Reno 7 Black Dual Sim 8GB RAM 256GB 4G LTE …
467,ريل مي,3899.0,جنيه ,0,0,noon-express,4.6,yes,ريل مي هاتف C21Y ثنائي الشريحة بذاكرة رام سعة 4 جيجابايت وذاكرة داخلية سعة 64 جيجابايت ويدعم تقنية 4G LTE وبلون أسود بنمط متقاطع - إصدار الشرق الأوسط …
468,أوبو,7990.0,جنيه ,0,0,noon-express,5.0,no,أوبو A96 Dual SIM Sunset Blue 8GB RAM 256GB 4G LTE - International Version …
469,أوبو,6500.0,جنيه ,0,0,noon-express,,no,أوبو A76 Dual SIM Glwing Black 6GB RAM 128GB 4G LTE - International Version …
470,إيتيل,334.0,جنيه ,0,0,noon-express,4.0,yes,إيتيل هاتف آيتل 2160 بشريحتين لون أسود سعة 4 ميجابايت يدعم خدمة 2G …
471,أبل,21199.0,جنيه ,0,0,noon-express,4.8,yes,أبل هاتف آيفون 13 بذاكرة داخلية سعة 128 جيجابايت يدعم تقنية 5G مع تطبيق فيس تايم بلون أزرق - النسخة العالمية …
472,سامسونج,7975.0,جنيه ,8999,11,noon-express,,yes,سامسونج Galaxy A33 Dual SIM 8GB RAM 128GB 5G Awesome Black …
473,أوبو,5999.0,جنيه ,6499,7,noon-express,4.5,no,أوبو هاتف A55 ثنائي الشريحة بذاكرة رام سعة 4 جيجابايت وذاكرة داخلية سعة 128 جيجابايت ويدعم تقنية 4G LTE، لون أسود لامع …
474,أبل,31499.0,جنيه ,0,0,noon-express,4.8,no,أبل هاتف آيفون 13 برو ماكس مع تطبيق فيس تايم بذاكرة داخلية 256 جيجابايت وتقنية 5G بلون أزرق سييرا - إصدار الولايات المتحدة الأمريكية …
475,أبل,15750.0,جنيه ,0,0,noon-express,4.6,no,أبل آيفون 11 مع فيس تايم بلون أسود وذاكرة 128 جيجابايت ويدعم تقنية 4G LTE - بالمواصفات العالمية …
476,أبل,30990.0,جنيه ,0,0,noon-express,4.7,no,أبل iPhone 13 Pro Max 256GB Graphite 5G With Facetime - International Specs …
477,سامسونج,13500.0,جنيه ,0,0,noon-express,5.0,no,سامسونج هاتف جالاكسي A73 ثنائي الشريحة بذاكرة رام 8 جيجابايت وذاكرة داخلية 256 جيجابايت ويدعم تقنية 5G بلون أبيض أوسوم - إصدار الشرق الأوسط …
478,سامسونج,26250.0,جنيه ,34999,24,noon-express,4.8,no,سامسونج هاتف جالاكسي S22 ألترا ثنائي الشريحة بذاكرة رام سعة 12 جيجابايت وذاكرة داخلية سعة 256 جيجابايت ويدعم تقنية 5G، لون أسود فانتوم - إصدار الشرق الأوسط …
479,نوكيا,4990.0,جنيه ,0,0,noon-express,4.9,no,نوكيا T20 10.4 Inch Ocean Blue 4GB RAM 64GB 4G LTE-Middle East Version …
480,أوبو,6080.0,جنيه ,0,0,noon-express,,no,أوبو A77 Dual SIM 4GB RAM 128GB 4G Sky Blue- Middle East Version …
481,أوبو,4899.0,جنيه ,0,0,noon-express,4.5,no,أوبو A16 Dual SIM Crystal Black 4GB RAM 64GB 4G -Middle East Version …
482,أوبو,7710.0,جنيه ,8999,14,noon-express,5.0,no,أوبو A96 Dual SIM 256GB 8GB Ram 4G LTE Blue …
483,سامسونج,22999.0,جنيه ,0,0,noon-express,4.7,no,سامسونج هاتف جالاكسي نوت 20 ألترا ثنائي الشريحة وذاكرة رام بسعة 12 جيجابايت وذاكرة داخلية بسعة 256 جيجابايت ويدعم تقنية 5G - لون برونزي داكن …
484,شاومي,11200.0,جنيه ,0,0,noon-express,4.5,no,شاومي هاتف 11T ثنائي الشريحة بذاكرة رام 8 جيجابايت وذاكرة داخلية 256 جيجابايت ويدعم تقنية 5G، بلون رمادي ميتيورايت - إصدار العالمي …
485,أبل,20840.0,جنيه ,27228,23,noon-express,4.8,yes,أبل هاتف آيفون 13 بذاكرة داخلية سعة 128 جيجابايت يدعم تقنية 5G مع تطبيق فيس تايم بلون وردي - النسخة العالمية …
486,شاومي,11225.0,جنيه ,0,0,noon-express,4.8,yes,شاومي Redmi Note 11 Pro Plus 5G Dual SIM Graphite Gray 8GB RAM 256GB - Global Version …
487,أبل,21499.0,جنيه ,0,0,noon-express,4.9,no,أبل آيفون 13 سعة 128 جيجابايت يدعم تقنية 5G مع فيس تايم بلون سماء الليل - نسخة المملكة العربية السعودية …
488,فيفو,5385.0,جنيه ,0,0,noon-express,,no,"فيفو Y33a Internal Memory 128 GB ,4 GB Ram ,6.58 inches -Midday Dream …"
489,سامسونج,20799.0,جنيه ,25000,16,noon-express,4.9,no,سامسونج هاتف جالاكسي نوت 20 ألترا ثنائي الشريحة بذاكرة رام سعة 8 جيجابايت وسعة تخزين داخلية 256 جيجابايت يدعم تقنية 4G LTE - إصدار عالمي - بلون أسود داكن …
490,أوبو,9820.0,جنيه ,0,0,noon-express,,yes,أوبو Reno 7 Orange Dual Sim 8GB RAM 256GB 4G LTE …
491,شاومي,7333.0,جنيه ,7535,0,noon-express,5.0,no,شاومي هاتف ريدمي نوت 11s ثنائي الشريحة بذاكرة رام سعة 6 جيجابايت وذاكرة داخلية سعة 128 جيجابايت ويدعم تقنية 4G LTE، لون رمادي جرافيتي - إصدار عالمي …
492,سامسونج,6942.0,جنيه ,0,0,noon-express,4.7,no,سامسونج هاتف جالاكسي A32 ثنائي الشريحة بلون أسود أوسوم وذاكرة رام 6 جيجابايت وذاكرة داخلية 128 جيجابايت يدعم تقنية 4G LTE - إصدار الشرق الأوسط …
493,شاومي,4840.0,جنيه ,5249,7,noon-express,4.3,no,شاومي هاتف ريدمي 10C ثنائي الشريحة، لون رصاصي داكن، ذاكرة رام سعة 4 جيجابايت، ذاكرة داخلية سعة 128 جيجابايت، تقنية 4G LTE - إصدار عالمي …
494,سامسونج,6220.0,جنيه ,0,0,noon-express,,yes,سامسونج هاتف جالاكسي A23 ثنائي الشريحة بذاكرة رام 6 جيجابايت وذاكرة داخلية 128 جيجابايت ويدعم تقنية LTE بلون خوخي - إصدار الشرق الأوسط …
495,سامسونج,18700.0,جنيه ,19550,0,noon-express,4.3,no,سامسونج هاتف جالاكسي Z فليب 3 بشريحة واحدة وذاكرة رام سعة 8 جيجابايت وذاكرة داخلية سعة 256 جيجابايت ويدعم تقنية 5G، لون أسود فانتوم - إصدار عالمي …
496,شاومي,6666.0,جنيه ,8050,17,noon-express,4.2,no,شاومي هاتف ريدمي نوت 11 ثنائي الشريحة بذاكرة رام سعة 6 جيجابايت وذاكرة داخلية سعة 128 جيجابايت ويدعم تقنية 4G LTE - إصدار عالمي، لون أزرق تويلايت …
497,أبل,17100.0,جنيه ,18379,6,noon-express,,no,أبل آيفون Xs  ماكس مع فيس تايم سعة 512 جيجابايت يدعم تقنية 4G LTE رمادي فلكي …
498,أوبو,5399.0,جنيه ,0,0,noon-express,4.7,no,أوبو A54 Dual SIM Starry Blue 4GB RAM 128GB 4G LTE …
499,شاومي,5599.0,جنيه ,0,0,noon-express,4.6,no,شاومي Redmi 10 2022 Dual SIM Carbon Gray 4GB RAM 128GB - Global Version …
